-- MySQL dump 10.13  Distrib 8.0.41, for Win64 (x86_64)
--
-- Host: 127.0.0.1    Database: test1
-- ------------------------------------------------------
-- Server version	8.0.41

/*!40101 SET @OLD_CHARACTER_SET_CLIENT=@@CHARACTER_SET_CLIENT */;
/*!40101 SET @OLD_CHARACTER_SET_RESULTS=@@CHARACTER_SET_RESULTS */;
/*!40101 SET @OLD_COLLATION_CONNECTION=@@COLLATION_CONNECTION */;
/*!50503 SET NAMES utf8mb4 */;
/*!40103 SET @OLD_TIME_ZONE=@@TIME_ZONE */;
/*!40103 SET TIME_ZONE='+00:00' */;
/*!40014 SET @OLD_UNIQUE_CHECKS=@@UNIQUE_CHECKS, UNIQUE_CHECKS=0 */;
/*!40014 SET @OLD_FOREIGN_KEY_CHECKS=@@FOREIGN_KEY_CHECKS, FOREIGN_KEY_CHECKS=0 */;
/*!40101 SET @OLD_SQL_MODE=@@SQL_MODE, SQL_MODE='NO_AUTO_VALUE_ON_ZERO' */;
/*!40111 SET @OLD_SQL_NOTES=@@SQL_NOTES, SQL_NOTES=0 */;

--
-- Table structure for table `admin_accounts`
--

DROP TABLE IF EXISTS `admin_accounts`;
/*!40101 SET @saved_cs_client     = @@character_set_client */;
/*!50503 SET character_set_client = utf8mb4 */;
CREATE TABLE `admin_accounts` (
  `id` char(8) NOT NULL COMMENT '管理员ID(年份4位+类型1位+序号3位)',
  `password_hash` char(60) NOT NULL COMMENT '密码哈希',
  `email` varchar(100) DEFAULT NULL COMMENT '邮箱',
  `role` enum('系统管理员','院系管理员') NOT NULL COMMENT '角色类型',
  `department_id` varchar(20) DEFAULT NULL COMMENT '所属院系',
  `last_login` datetime DEFAULT NULL COMMENT '最后登录时间',
  `is_active` tinyint(1) NOT NULL DEFAULT '1' COMMENT '是否激活',
  `password_updated_at` datetime DEFAULT CURRENT_TIMESTAMP COMMENT '密码更新时间',
  `created_at` timestamp NOT NULL DEFAULT CURRENT_TIMESTAMP,
  `updated_at` timestamp NOT NULL DEFAULT CURRENT_TIMESTAMP ON UPDATE CURRENT_TIMESTAMP,
  PRIMARY KEY (`id`),
  UNIQUE KEY `email` (`email`),
  KEY `idx_department` (`department_id`),
  KEY `idx_role` (`role`),
  CONSTRAINT `admin_accounts_ibfk_1` FOREIGN KEY (`department_id`) REFERENCES `departments` (`id`)
) ENGINE=InnoDB DEFAULT CHARSET=utf8mb4 COLLATE=utf8mb4_0900_ai_ci COMMENT='管理员账户表';
/*!40101 SET character_set_client = @saved_cs_client */;

--
-- Dumping data for table `admin_accounts`
--

LOCK TABLES `admin_accounts` WRITE;
/*!40000 ALTER TABLE `admin_accounts` DISABLE KEYS */;
INSERT INTO `admin_accounts` VALUES ('20230001','$2a$10$7O2MNNp8oQXbO7sC1tMG3egDg1WVNeVnhL5lhaVTQ.oTew18zbzAW',NULL,'系统管理员',NULL,'2025-04-14 17:12:31',1,NULL,'2025-03-25 03:42:39','2025-04-14 09:12:31');
/*!40000 ALTER TABLE `admin_accounts` ENABLE KEYS */;
UNLOCK TABLES;

--
-- Table structure for table `buildings`
--

DROP TABLE IF EXISTS `buildings`;
/*!40101 SET @saved_cs_client     = @@character_set_client */;
/*!50503 SET character_set_client = utf8mb4 */;
CREATE TABLE `buildings` (
  `id` varchar(20) NOT NULL COMMENT '教学楼编号',
  `name` varchar(50) NOT NULL COMMENT '教学楼名称',
  `campus` varchar(20) NOT NULL COMMENT '校区名称',
  `is_active` tinyint(1) DEFAULT '1' COMMENT '是否可用',
  `created_at` timestamp NOT NULL DEFAULT CURRENT_TIMESTAMP,
  `updated_at` timestamp NOT NULL DEFAULT CURRENT_TIMESTAMP ON UPDATE CURRENT_TIMESTAMP,
  PRIMARY KEY (`id`),
  KEY `idx_campus` (`campus`)
) ENGINE=InnoDB DEFAULT CHARSET=utf8mb4 COLLATE=utf8mb4_0900_ai_ci COMMENT='教学楼表';
/*!40101 SET character_set_client = @saved_cs_client */;

--
-- Dumping data for table `buildings`
--

LOCK TABLES `buildings` WRITE;
/*!40000 ALTER TABLE `buildings` DISABLE KEYS */;
INSERT INTO `buildings` VALUES ('JXL01','第一教学楼','主校区',1,'2025-04-06 13:04:08','2025-04-06 13:04:08'),('JXL02','第二教学楼','主校区',1,'2025-04-06 13:04:08','2025-04-06 13:04:08'),('JXL03','第三教学楼','主校区',1,'2025-04-06 13:04:08','2025-04-06 13:04:08'),('JXL04','理科教学楼','主校区',1,'2025-04-06 13:04:08','2025-04-06 13:04:08'),('JXL05','工科教学楼','主校区',1,'2025-04-06 13:04:08','2025-04-06 13:04:08'),('JXL06','文科教学楼','主校区',1,'2025-04-06 13:04:08','2025-04-06 13:04:08'),('NQ-JX01','南区第一教学楼','南校区',1,'2025-04-06 13:04:08','2025-04-06 13:04:08'),('NQ-JX02','南区第二教学楼','南校区',1,'2025-04-06 13:04:08','2025-04-06 13:04:08'),('NQ-SY01','南区实验楼','南校区',1,'2025-04-06 13:04:08','2025-04-06 13:04:08'),('SYL01','实验楼A','主校区',1,'2025-04-06 13:04:08','2025-04-06 13:04:08'),('SYL02','实验楼B','主校区',1,'2025-04-06 13:04:08','2025-04-06 13:04:08');
/*!40000 ALTER TABLE `buildings` ENABLE KEYS */;
UNLOCK TABLES;

--
-- Table structure for table `classes`
--

DROP TABLE IF EXISTS `classes`;
/*!40101 SET @saved_cs_client     = @@character_set_client */;
/*!50503 SET character_set_client = utf8mb4 */;
CREATE TABLE `classes` (
  `id` char(12) NOT NULL COMMENT '班级编号(格式：年份4位+部门号4位+专业号2位+班级号2位)',
  `name` varchar(50) NOT NULL COMMENT '班级名称',
  `short_name` varchar(20) DEFAULT NULL COMMENT '班级简称',
  `major_id` varchar(20) NOT NULL COMMENT '所属专业',
  `direction_id` varchar(20) DEFAULT NULL COMMENT '专业方向',
  `grade` int NOT NULL COMMENT '年级',
  `education_level` varchar(20) NOT NULL COMMENT '培养层次',
  `class_type` varchar(20) NOT NULL COMMENT '班级类别',
  `counselor_id` varchar(20) DEFAULT NULL COMMENT '辅导员工号',
  `head_teacher_id` varchar(20) DEFAULT NULL COMMENT '班主任工号',
  `expected_graduation` int DEFAULT NULL COMMENT '预计毕业年度',
  `is_graduated` tinyint(1) DEFAULT '0' COMMENT '是否毕业',
  `student_count` int DEFAULT '0' COMMENT '班级人数',
  `male_count` int DEFAULT '0' COMMENT '男生人数',
  `female_count` int DEFAULT '0' COMMENT '女生人数',
  `max_student_count` int DEFAULT NULL COMMENT '班级最大人数',
  `admission_year` int NOT NULL COMMENT '入学年份',
  `head_teacher_phone` varchar(20) DEFAULT NULL COMMENT '班主任联系电话',
  `graduation_term` varchar(20) DEFAULT NULL COMMENT '毕业学年学期',
  `is_expanded` tinyint(1) DEFAULT '0' COMMENT '是否扩招',
  `academic_advisor` varchar(50) DEFAULT NULL COMMENT '学业导师',
  `created_at` timestamp NOT NULL DEFAULT CURRENT_TIMESTAMP,
  `updated_at` timestamp NOT NULL DEFAULT CURRENT_TIMESTAMP ON UPDATE CURRENT_TIMESTAMP,
  PRIMARY KEY (`id`),
  KEY `counselor_id` (`counselor_id`),
  KEY `head_teacher_id` (`head_teacher_id`),
  KEY `idx_major` (`major_id`),
  KEY `idx_direction` (`direction_id`),
  KEY `idx_grade` (`grade`),
  KEY `idx_admission_year` (`admission_year`),
  CONSTRAINT `classes_ibfk_1` FOREIGN KEY (`major_id`) REFERENCES `majors` (`id`),
  CONSTRAINT `classes_ibfk_2` FOREIGN KEY (`direction_id`) REFERENCES `major_directions` (`id`),
  CONSTRAINT `classes_ibfk_3` FOREIGN KEY (`counselor_id`) REFERENCES `teachers` (`id`),
  CONSTRAINT `classes_ibfk_4` FOREIGN KEY (`head_teacher_id`) REFERENCES `teachers` (`id`)
) ENGINE=InnoDB DEFAULT CHARSET=utf8mb4 COLLATE=utf8mb4_0900_ai_ci COMMENT='班级表';
/*!40101 SET character_set_client = @saved_cs_client */;

--
-- Dumping data for table `classes`
--

LOCK TABLES `classes` WRITE;
/*!40000 ALTER TABLE `classes` DISABLE KEYS */;
INSERT INTO `classes` VALUES ('202310010101','2023级计算机科学与技术1班','计科2301','100101',NULL,2023,'本科','普通班','20231001001','20231001002',2027,0,30,0,0,NULL,2023,NULL,NULL,0,NULL,'2025-04-06 13:01:20','2025-04-06 13:01:20'),('202310010102','2023级计算机科学与技术2班','计科2302','100101',NULL,2023,'本科','普通班','20231001001','20231001003',2027,0,30,0,0,NULL,2023,NULL,NULL,0,NULL,'2025-04-06 13:01:20','2025-04-06 13:01:20'),('202310010201','2023级软件工程1班','软工2301','100102',NULL,2023,'本科','普通班','20231001002','20231001001',2027,0,30,0,0,NULL,2023,NULL,NULL,0,NULL,'2025-04-06 13:01:20','2025-04-06 13:01:20'),('202310010202','2023级软件工程2班','软工2302','100102',NULL,2023,'本科','普通班','20231001002','20231001003',2027,0,30,0,0,NULL,2023,NULL,NULL,0,NULL,'2025-04-06 13:01:20','2025-04-06 13:01:20'),('202310020101','2023级电子信息工程1班','电信2301','100201',NULL,2023,'本科','普通班','20231002001','20231002002',2027,0,30,0,0,NULL,2023,NULL,NULL,0,NULL,'2025-04-06 13:01:20','2025-04-06 13:01:20'),('202310020102','2023级电子信息工程2班','电信2302','100201',NULL,2023,'本科','普通班','20231002001','20231002003',2027,0,30,0,0,NULL,2023,NULL,NULL,0,NULL,'2025-04-06 13:01:20','2025-04-06 13:01:20'),('202310030101','2023级机械工程1班','机械2301','100301',NULL,2023,'本科','普通班','20231003001','20231003002',2027,0,30,0,0,NULL,2023,NULL,NULL,0,NULL,'2025-04-06 13:01:20','2025-04-06 13:01:20'),('202310030102','2023级机械工程2班','机械2302','100301',NULL,2023,'本科','普通班','20231003001','20231003003',2027,0,30,0,0,NULL,2023,NULL,NULL,0,NULL,'2025-04-06 13:01:20','2025-04-06 13:01:20'),('202310040101','2023级工商管理1班','工管2301','100401',NULL,2023,'本科','普通班','20231004001','20231004002',2027,0,30,0,0,NULL,2023,NULL,NULL,0,NULL,'2025-04-06 13:01:20','2025-04-06 13:01:20'),('202310040102','2023级工商管理2班','工管2302','100401',NULL,2023,'本科','普通班','20231004001','20231004003',2027,0,30,0,0,NULL,2023,NULL,NULL,0,NULL,'2025-04-06 13:01:20','2025-04-06 13:01:20'),('202310050101','2023级英语1班','英语2301','100501',NULL,2023,'本科','普通班','20231005001','20231005002',2027,0,30,0,0,NULL,2023,NULL,NULL,0,NULL,'2025-04-06 13:01:20','2025-04-06 13:01:20'),('202310050102','2023级英语2班','英语2302','100501',NULL,2023,'本科','普通班','20231005001','20231005003',2027,0,30,0,0,NULL,2023,NULL,NULL,0,NULL,'2025-04-06 13:01:20','2025-04-06 13:01:20'),('202310060101','2023级数学与应用数学1班','数学2301','100601',NULL,2023,'本科','普通班','20231006001','20231006002',2027,0,30,0,0,NULL,2023,NULL,NULL,0,NULL,'2025-04-06 13:01:20','2025-04-06 13:01:20'),('202310060102','2023级数学与应用数学2班','数学2302','100601',NULL,2023,'本科','普通班','20231006001','20231006003',2027,0,30,0,0,NULL,2023,NULL,NULL,0,NULL,'2025-04-06 13:01:20','2025-04-06 13:01:20'),('202310070101','2023级应用物理1班','物理2301','100701',NULL,2023,'本科','普通班','20231007001','20231007002',2027,0,30,0,0,NULL,2023,NULL,NULL,0,NULL,'2025-04-06 13:01:20','2025-04-06 13:01:20'),('202310070102','2023级应用物理2班','物理2302','100701',NULL,2023,'本科','普通班','20231007001','20231007003',2027,0,30,0,0,NULL,2023,NULL,NULL,0,NULL,'2025-04-06 13:01:20','2025-04-06 13:01:20'),('202310080101','2023级应用化学1班','化学2301','100801',NULL,2023,'本科','普通班','20231008001','20231008002',2027,0,30,0,0,NULL,2023,NULL,NULL,0,NULL,'2025-04-06 13:01:20','2025-04-06 13:01:20'),('202310080102','2023级应用化学2班','化学2302','100801',NULL,2023,'本科','普通班','20231008001','20231008003',2027,0,30,0,0,NULL,2023,NULL,NULL,0,NULL,'2025-04-06 13:01:20','2025-04-06 13:01:20'),('202310090101','2023级视觉传达1班','视觉2301','100901',NULL,2023,'本科','普通班','20231009001','20231009002',2027,0,30,0,0,NULL,2023,NULL,NULL,0,NULL,'2025-04-06 13:01:20','2025-04-06 13:01:20'),('202310090102','2023级视觉传达2班','视觉2302','100901',NULL,2023,'本科','普通班','20231009001','20231009003',2027,0,30,0,0,NULL,2023,NULL,NULL,0,NULL,'2025-04-06 13:01:20','2025-04-06 13:01:20'),('202310100101','2023级体育教育1班','体教2301','101001',NULL,2023,'本科','普通班','20231010001','20231010002',2027,0,30,0,0,NULL,2023,NULL,NULL,0,NULL,'2025-04-06 13:01:20','2025-04-06 13:01:20'),('202310100102','2023级体育教育2班','体教2302','101001',NULL,2023,'本科','普通班','20231010001','20231010003',2027,0,30,0,0,NULL,2023,NULL,NULL,0,NULL,'2025-04-06 13:01:20','2025-04-06 13:01:20');
/*!40000 ALTER TABLE `classes` ENABLE KEYS */;
UNLOCK TABLES;

--
-- Table structure for table `classroom_time_slots`
--

DROP TABLE IF EXISTS `classroom_time_slots`;
/*!40101 SET @saved_cs_client     = @@character_set_client */;
/*!50503 SET character_set_client = utf8mb4 */;
CREATE TABLE `classroom_time_slots` (
  `id` bigint NOT NULL AUTO_INCREMENT COMMENT '主键ID',
  `classroom_id` varchar(20) NOT NULL COMMENT '教室ID',
  `week_day` int NOT NULL COMMENT '星期几(1-7)',
  `time_slot` int NOT NULL COMMENT '时段(1-12)',
  `is_available` tinyint(1) DEFAULT '1' COMMENT '是否可用(1:可用,0:不可用)',
  `semester_id` varchar(20) NOT NULL COMMENT '学期ID',
  `created_at` datetime DEFAULT CURRENT_TIMESTAMP COMMENT '创建时间',
  `updated_at` datetime DEFAULT CURRENT_TIMESTAMP ON UPDATE CURRENT_TIMESTAMP COMMENT '更新时间',
  PRIMARY KEY (`id`),
  UNIQUE KEY `uk_classroom_time` (`classroom_id`,`week_day`,`time_slot`,`semester_id`)
) ENGINE=InnoDB DEFAULT CHARSET=utf8mb4 COLLATE=utf8mb4_0900_ai_ci COMMENT='教室时段可用表';
/*!40101 SET character_set_client = @saved_cs_client */;

--
-- Dumping data for table `classroom_time_slots`
--

LOCK TABLES `classroom_time_slots` WRITE;
/*!40000 ALTER TABLE `classroom_time_slots` DISABLE KEYS */;
/*!40000 ALTER TABLE `classroom_time_slots` ENABLE KEYS */;
UNLOCK TABLES;

--
-- Table structure for table `classrooms`
--

DROP TABLE IF EXISTS `classrooms`;
/*!40101 SET @saved_cs_client     = @@character_set_client */;
/*!50503 SET character_set_client = utf8mb4 */;
CREATE TABLE `classrooms` (
  `id` varchar(20) NOT NULL COMMENT '教室编号',
  `name` varchar(50) NOT NULL COMMENT '教室名称',
  `building_id` varchar(20) NOT NULL COMMENT '所属教学楼',
  `campus` varchar(20) NOT NULL COMMENT '所在校区',
  `floor` int NOT NULL COMMENT '所在楼层',
  `type` varchar(20) NOT NULL COMMENT '教室类型',
  `exam_capacity` int NOT NULL COMMENT '考场容纳人数',
  `class_capacity` int NOT NULL COMMENT '最大上课容纳人数',
  `has_ac` tinyint(1) DEFAULT '0' COMMENT '是否有空调',
  `is_active` tinyint(1) DEFAULT '1' COMMENT '是否启用',
  `description` text COMMENT '教室描述',
  `department_name` varchar(50) DEFAULT NULL COMMENT '管理部门',
  `weekly_hours` int DEFAULT '0' COMMENT '周安排学时',
  `area` decimal(10,2) DEFAULT NULL COMMENT '教室面积',
  `furniture_type` varchar(20) DEFAULT NULL COMMENT '桌椅类型',
  `created_at` timestamp NOT NULL DEFAULT CURRENT_TIMESTAMP,
  `updated_at` timestamp NOT NULL DEFAULT CURRENT_TIMESTAMP ON UPDATE CURRENT_TIMESTAMP,
  `department_id` varchar(20) DEFAULT NULL,
  PRIMARY KEY (`id`),
  KEY `idx_building` (`building_id`),
  KEY `idx_type` (`type`),
  KEY `idx_campus` (`campus`),
  CONSTRAINT `classrooms_ibfk_1` FOREIGN KEY (`building_id`) REFERENCES `buildings` (`id`)
) ENGINE=InnoDB DEFAULT CHARSET=utf8mb4 COLLATE=utf8mb4_0900_ai_ci COMMENT='教室表';
/*!40101 SET character_set_client = @saved_cs_client */;

--
-- Dumping data for table `classrooms`
--

LOCK TABLES `classrooms` WRITE;
/*!40000 ALTER TABLE `classrooms` DISABLE KEYS */;
INSERT INTO `classrooms` VALUES ('JXL01-101','101','JXL01','主校区',1,'多媒体教室',60,70,1,1,'多媒体教室，配备投影仪和音响设备',NULL,0,80.00,'固定课桌椅','2025-04-06 13:04:08','2025-04-06 13:04:08',NULL),('JXL01-102','102','JXL01','主校区',1,'多媒体教室',60,70,1,1,'多媒体教室，配备投影仪和音响设备',NULL,0,80.00,'固定课桌椅','2025-04-06 13:04:08','2025-04-06 13:04:08',NULL),('JXL01-201','201','JXL01','主校区',2,'多媒体教室',100,120,1,1,'阶梯教室，配备多媒体设备',NULL,0,120.00,'固定课桌椅','2025-04-06 13:04:08','2025-04-06 13:04:08',NULL),('JXL01-202','202','JXL01','主校区',2,'多媒体教室',100,120,1,1,'阶梯教室，配备多媒体设备',NULL,0,120.00,'固定课桌椅','2025-04-06 13:04:08','2025-04-06 13:04:08',NULL),('JXL02-101','101','JXL02','主校区',1,'普通教室',45,50,1,1,'普通教室，配备黑板和多媒体',NULL,0,60.00,'活动课桌椅','2025-04-06 13:04:08','2025-04-06 13:04:08',NULL),('JXL02-102','102','JXL02','主校区',1,'普通教室',45,50,1,1,'普通教室，配备黑板和多媒体',NULL,0,60.00,'活动课桌椅','2025-04-06 13:04:08','2025-04-06 13:04:08',NULL),('JXL02-201','201','JXL02','主校区',2,'普通教室',45,50,1,1,'普通教室，配备黑板和多媒体',NULL,0,60.00,'活动课桌椅','2025-04-06 13:04:08','2025-04-06 13:04:08',NULL),('JXL02-202','202','JXL02','主校区',2,'普通教室',45,50,1,1,'普通教室，配备黑板和多媒体',NULL,0,60.00,'活动课桌椅','2025-04-06 13:04:08','2025-04-06 13:04:08',NULL),('JXL04-101','101','JXL04','主校区',1,'物理实验室',40,45,1,1,'物理实验室，配备实验设备','物理与光电工程学院',0,100.00,'实验台','2025-04-06 13:04:08','2025-04-06 13:04:08',NULL),('JXL04-102','102','JXL04','主校区',1,'化学实验室',40,45,1,1,'化学实验室，配备通风设备','化学与环境工程学院',0,100.00,'实验台','2025-04-06 13:04:08','2025-04-06 13:04:08',NULL),('JXL04-201','201','JXL04','主校区',2,'多媒体教室',60,70,1,1,'多媒体教室，配备投影仪和音响设备',NULL,0,80.00,'固定课桌椅','2025-04-06 13:04:08','2025-04-06 13:04:08',NULL),('JXL04-202','202','JXL04','主校区',2,'多媒体教室',60,70,1,1,'多媒体教室，配备投影仪和音响设备',NULL,0,80.00,'固定课桌椅','2025-04-06 13:04:08','2025-04-06 13:04:08',NULL),('JXL05-101','101','JXL05','主校区',1,'计算机机房',50,55,1,1,'计算机机房，配备高配置电脑','计算机科学与技术学院',0,90.00,'电脑桌','2025-04-06 13:04:08','2025-04-06 13:04:08',NULL),('JXL05-102','102','JXL05','主校区',1,'电子实验室',40,45,1,1,'电子实验室，配备电子实验设备','电子信息工程学院',0,100.00,'实验台','2025-04-06 13:04:08','2025-04-06 13:04:08',NULL),('JXL05-201','201','JXL05','主校区',2,'制图室',45,50,1,1,'制图室，配备绘图桌','机械工程学院',0,100.00,'制图桌','2025-04-06 13:04:08','2025-04-06 13:04:08',NULL),('JXL05-202','202','JXL05','主校区',2,'多媒体教室',60,70,1,1,'多媒体教室，配备投影仪和音响设备',NULL,0,80.00,'固定课桌椅','2025-04-06 13:04:08','2025-04-06 13:04:08',NULL),('JXL06-101','101','JXL06','主校区',1,'语音室',40,45,1,1,'语音室，配备语音设备','外国语学院',0,70.00,'语音台','2025-04-06 13:04:08','2025-04-06 13:04:08',NULL),('JXL06-102','102','JXL06','主校区',1,'多媒体教室',60,70,1,1,'多媒体教室，配备投影仪和音响设备',NULL,0,80.00,'固定课桌椅','2025-04-06 13:04:08','2025-04-06 13:04:08',NULL),('JXL06-201','201','JXL06','主校区',2,'多媒体教室',60,70,1,1,'多媒体教室，配备投影仪和音响设备',NULL,0,80.00,'固定课桌椅','2025-04-06 13:04:08','2025-04-06 13:04:08',NULL),('JXL06-202','202','JXL06','主校区',2,'多媒体教室',60,70,1,1,'多媒体教室，配备投影仪和音响设备',NULL,0,80.00,'固定课桌椅','2025-04-06 13:04:08','2025-04-06 13:04:08',NULL),('NQ-JX01-101','101','NQ-JX01','南校区',1,'多媒体教室',60,70,1,1,'多媒体教室，配备投影仪和音响设备',NULL,0,80.00,'固定课桌椅','2025-04-06 13:04:08','2025-04-06 13:04:08',NULL),('NQ-JX01-102','102','NQ-JX01','南校区',1,'多媒体教室',60,70,1,1,'多媒体教室，配备投影仪和音响设备',NULL,0,80.00,'固定课桌椅','2025-04-06 13:04:08','2025-04-06 13:04:08',NULL),('NQ-JX02-101','101','NQ-JX02','南校区',1,'多媒体教室',60,70,1,1,'多媒体教室，配备投影仪和音响设备',NULL,0,80.00,'固定课桌椅','2025-04-06 13:04:08','2025-04-06 13:04:08',NULL),('NQ-JX02-102','102','NQ-JX02','南校区',1,'多媒体教室',60,70,1,1,'多媒体教室，配备投影仪和音响设备',NULL,0,80.00,'固定课桌椅','2025-04-06 13:04:08','2025-04-06 13:04:08',NULL),('NQ-SY01-101','101','NQ-SY01','南校区',1,'计算机机房',50,55,1,1,'计算机机房，配备高配置电脑','计算机科学与技术学院',0,90.00,'电脑桌','2025-04-06 13:04:08','2025-04-06 13:04:08',NULL),('NQ-SY01-102','102','NQ-SY01','南校区',1,'语音室',40,45,1,1,'语音室，配备语音设备','外国语学院',0,70.00,'语音台','2025-04-06 13:04:08','2025-04-06 13:04:08',NULL),('SYL01-101','101','SYL01','主校区',1,'化学实验室',40,45,1,1,'化学实验室，配备通风设备','化学与环境工程学院',0,100.00,'实验台','2025-04-06 13:04:08','2025-04-06 13:04:08',NULL),('SYL01-102','102','SYL01','主校区',1,'物理实验室',40,45,1,1,'物理实验室，配备实验设备','物理与光电工程学院',0,100.00,'实验台','2025-04-06 13:04:08','2025-04-06 13:04:08',NULL),('SYL02-101','101','SYL02','主校区',1,'计算机机房',50,55,1,1,'计算机机房，配备高配置电脑','计算机科学与技术学院',0,90.00,'电脑桌','2025-04-06 13:04:08','2025-04-06 13:04:08',NULL),('SYL02-102','102','SYL02','主校区',1,'电子实验室',40,45,1,1,'电子实验室，配备电子实验设备','电子信息工程学院',0,100.00,'实验台','2025-04-06 13:04:08','2025-04-06 13:04:08',NULL);
/*!40000 ALTER TABLE `classrooms` ENABLE KEYS */;
UNLOCK TABLES;

--
-- Table structure for table `course_class_relations`
--

DROP TABLE IF EXISTS `course_class_relations`;
/*!40101 SET @saved_cs_client     = @@character_set_client */;
/*!50503 SET character_set_client = utf8mb4 */;
CREATE TABLE `course_class_relations` (
  `id` bigint NOT NULL AUTO_INCREMENT,
  `course_id` varchar(20) NOT NULL COMMENT '课程编号',
  `class_id` char(12) NOT NULL COMMENT '班级编号(格式：年份4位+部门号4位+专业号2位+班级号2位)',
  `teacher_id` varchar(20) NOT NULL COMMENT '教师工号',
  `semester_year` varchar(9) NOT NULL COMMENT '学年',
  `semester` int NOT NULL COMMENT '学期(1或2)',
  `allow_cross_major` tinyint(1) DEFAULT '0' COMMENT '是否允许跨专业选课',
  `created_at` timestamp NOT NULL DEFAULT CURRENT_TIMESTAMP,
  `updated_at` timestamp NOT NULL DEFAULT CURRENT_TIMESTAMP ON UPDATE CURRENT_TIMESTAMP,
  PRIMARY KEY (`id`),
  UNIQUE KEY `uk_course_class_teacher` (`course_id`,`class_id`,`teacher_id`,`semester_year`,`semester`),
  KEY `idx_course` (`course_id`),
  KEY `idx_class` (`class_id`),
  KEY `idx_teacher` (`teacher_id`),
  CONSTRAINT `course_class_relations_ibfk_1` FOREIGN KEY (`course_id`) REFERENCES `courses` (`id`) ON DELETE CASCADE,
  CONSTRAINT `course_class_relations_ibfk_3` FOREIGN KEY (`teacher_id`) REFERENCES `teachers` (`id`),
  CONSTRAINT `fk_ccr_class_id` FOREIGN KEY (`class_id`) REFERENCES `classes` (`id`)
) ENGINE=InnoDB AUTO_INCREMENT=49 DEFAULT CHARSET=utf8mb4 COLLATE=utf8mb4_0900_ai_ci COMMENT='课程-班级关系表';
/*!40101 SET character_set_client = @saved_cs_client */;

--
-- Dumping data for table `course_class_relations`
--

LOCK TABLES `course_class_relations` WRITE;
/*!40000 ALTER TABLE `course_class_relations` DISABLE KEYS */;
INSERT INTO `course_class_relations` VALUES (1,'GG101','202310010101','20231005001','2023-2024',1,0,'2025-04-06 13:14:20','2025-04-07 07:20:24'),(2,'GG102','202310010101','20231006001','2023-2024',1,0,'2025-04-06 13:14:20','2025-04-07 07:20:24'),(3,'GG103','202310010101','20231007001','2023-2024',1,0,'2025-04-06 13:14:20','2025-04-07 07:20:24'),(4,'GG104','202310010101','20231001001','2023-2024',1,0,'2025-04-06 13:14:20','2025-04-07 07:20:24'),(7,'CS103','202310010101','20231001002','2023-2024',1,0,'2025-04-06 13:14:20','2025-04-07 07:20:24'),(8,'GG101','202310010201','20231005002','2023-2024',1,0,'2025-04-06 13:14:20','2025-04-07 07:20:24'),(9,'GG102','202310010201','20231006002','2023-2024',1,0,'2025-04-06 13:14:20','2025-04-07 07:20:24'),(10,'GG103','202310010201','20231007002','2023-2024',1,0,'2025-04-06 13:14:20','2025-04-07 07:20:24'),(11,'GG104','202310010201','20231001001','2023-2024',1,0,'2025-04-06 13:14:20','2025-04-07 07:20:24'),(14,'CS103','202310010201','20231001002','2023-2024',1,0,'2025-04-06 13:14:20','2025-04-07 07:20:24'),(15,'GG101','202310020101','20231005001','2023-2024',1,0,'2025-04-06 13:14:20','2025-04-07 07:20:24'),(16,'GG102','202310020101','20231006001','2023-2024',1,0,'2025-04-06 13:14:20','2025-04-07 07:20:24'),(17,'GG103','202310020101','20231007001','2023-2024',1,0,'2025-04-06 13:14:20','2025-04-07 07:20:24'),(18,'GG104','202310020101','20231002001','2023-2024',1,0,'2025-04-06 13:14:20','2025-04-07 07:20:24'),(19,'EE101','202310020101','20231002002','2023-2024',1,0,'2025-04-06 13:14:20','2025-04-07 07:20:24'),(20,'GG101','202310030101','20231005002','2023-2024',1,0,'2025-04-06 13:14:20','2025-04-07 07:20:24'),(21,'GG102','202310030101','20231006002','2023-2024',1,0,'2025-04-06 13:14:20','2025-04-07 07:20:24'),(22,'GG103','202310030101','20231007002','2023-2024',1,0,'2025-04-06 13:14:20','2025-04-07 07:20:24'),(23,'GG104','202310030101','20231003001','2023-2024',1,0,'2025-04-06 13:14:20','2025-04-07 07:20:24'),(24,'ME101','202310030101','20231003002','2023-2024',1,0,'2025-04-06 13:14:20','2025-04-07 07:20:24'),(25,'GG101','202310010101','20231005001','2024-2025',1,0,'2025-04-07 11:50:44','2025-04-07 11:50:44'),(26,'GG102','202310010101','20231006001','2024-2025',1,0,'2025-04-07 11:50:44','2025-04-07 11:50:44'),(27,'GG103','202310010101','20231007001','2024-2025',1,0,'2025-04-07 11:50:44','2025-04-07 11:50:44'),(28,'GG104','202310010101','20231001001','2024-2025',1,0,'2025-04-07 11:50:44','2025-04-07 11:50:44'),(31,'CS103','202310010101','20231001002','2024-2025',1,0,'2025-04-07 11:50:44','2025-04-07 11:50:44'),(32,'GG101','202310010201','20231005002','2024-2025',1,0,'2025-04-07 11:50:44','2025-04-07 11:50:44'),(33,'GG102','202310010201','20231006002','2024-2025',1,0,'2025-04-07 11:50:44','2025-04-07 11:50:44'),(34,'GG103','202310010201','20231007002','2024-2025',1,0,'2025-04-07 11:50:44','2025-04-07 11:50:44'),(35,'GG104','202310010201','20231001001','2024-2025',1,0,'2025-04-07 11:50:44','2025-04-07 11:50:44'),(38,'CS103','202310010201','20231001002','2024-2025',1,0,'2025-04-07 11:50:44','2025-04-07 11:50:44'),(39,'GG101','202310020101','20231005001','2024-2025',1,0,'2025-04-07 11:50:44','2025-04-07 11:50:44'),(40,'GG102','202310020101','20231006001','2024-2025',1,0,'2025-04-07 11:50:44','2025-04-07 11:50:44'),(41,'GG103','202310020101','20231007001','2024-2025',1,0,'2025-04-07 11:50:44','2025-04-07 11:50:44'),(42,'GG104','202310020101','20231002001','2024-2025',1,0,'2025-04-07 11:50:44','2025-04-07 11:50:44'),(43,'EE101','202310020101','20231002002','2024-2025',1,0,'2025-04-07 11:50:44','2025-04-07 11:50:44'),(44,'GG101','202310030101','20231005002','2024-2025',1,0,'2025-04-07 11:50:44','2025-04-07 11:50:44'),(45,'GG102','202310030101','20231006002','2024-2025',1,0,'2025-04-07 11:50:44','2025-04-07 11:50:44'),(46,'GG103','202310030101','20231007002','2024-2025',1,0,'2025-04-07 11:50:44','2025-04-07 11:50:44'),(47,'GG104','202310030101','20231003001','2024-2025',1,0,'2025-04-07 11:50:44','2025-04-07 11:50:44'),(48,'ME101','202310030101','20231003002','2024-2025',1,0,'2025-04-07 11:50:44','2025-04-07 11:50:44');
/*!40000 ALTER TABLE `course_class_relations` ENABLE KEYS */;
UNLOCK TABLES;

--
-- Table structure for table `course_evaluations`
--

DROP TABLE IF EXISTS `course_evaluations`;
/*!40101 SET @saved_cs_client     = @@character_set_client */;
/*!50503 SET character_set_client = utf8mb4 */;
CREATE TABLE `course_evaluations` (
  `id` bigint NOT NULL AUTO_INCREMENT COMMENT '主键ID',
  `course_id` varchar(20) NOT NULL COMMENT '课程ID',
  `teacher_id` varchar(20) NOT NULL COMMENT '教师ID',
  `student_id` varchar(20) NOT NULL COMMENT '学生ID',
  `semester_id` varchar(20) NOT NULL COMMENT '学期ID',
  `score` int NOT NULL COMMENT '评分(1-5)',
  `content` text COMMENT '评价内容',
  `created_at` datetime DEFAULT CURRENT_TIMESTAMP COMMENT '创建时间',
  `updated_at` datetime DEFAULT CURRENT_TIMESTAMP ON UPDATE CURRENT_TIMESTAMP COMMENT '更新时间',
  PRIMARY KEY (`id`),
  UNIQUE KEY `uk_course_teacher_student` (`course_id`,`teacher_id`,`student_id`,`semester_id`)
) ENGINE=InnoDB DEFAULT CHARSET=utf8mb4 COLLATE=utf8mb4_0900_ai_ci COMMENT='师生评价表';
/*!40101 SET character_set_client = @saved_cs_client */;

--
-- Dumping data for table `course_evaluations`
--

LOCK TABLES `course_evaluations` WRITE;
/*!40000 ALTER TABLE `course_evaluations` DISABLE KEYS */;
/*!40000 ALTER TABLE `course_evaluations` ENABLE KEYS */;
UNLOCK TABLES;

--
-- Table structure for table `course_schedules`
--

DROP TABLE IF EXISTS `course_schedules`;
/*!40101 SET @saved_cs_client     = @@character_set_client */;
/*!50503 SET character_set_client = utf8mb4 */;
CREATE TABLE `course_schedules` (
  `id` bigint NOT NULL AUTO_INCREMENT,
  `course_id` varchar(20) NOT NULL COMMENT '课程编号',
  `classroom_id` varchar(20) NOT NULL COMMENT '教室编号',
  `weekday` int NOT NULL COMMENT '星期几(1-7)',
  `start_section` int NOT NULL COMMENT '开始节次',
  `end_section` int NOT NULL COMMENT '结束节次',
  `academic_year` varchar(20) DEFAULT NULL COMMENT '学年',
  `semester` int DEFAULT NULL COMMENT '学期(1-第一学期,2-第二学期)',
  `created_at` timestamp NOT NULL DEFAULT CURRENT_TIMESTAMP,
  `updated_at` timestamp NOT NULL DEFAULT CURRENT_TIMESTAMP ON UPDATE CURRENT_TIMESTAMP,
  PRIMARY KEY (`id`),
  KEY `idx_course` (`course_id`),
  KEY `idx_classroom` (`classroom_id`),
  KEY `idx_weekday` (`weekday`),
  KEY `idx_time` (`weekday`,`start_section`,`end_section`),
  CONSTRAINT `course_schedules_ibfk_1` FOREIGN KEY (`course_id`) REFERENCES `courses` (`id`) ON DELETE CASCADE,
  CONSTRAINT `course_schedules_ibfk_2` FOREIGN KEY (`classroom_id`) REFERENCES `classrooms` (`id`)
) ENGINE=InnoDB AUTO_INCREMENT=18 DEFAULT CHARSET=utf8mb4 COLLATE=utf8mb4_0900_ai_ci COMMENT='课程安排表';
/*!40101 SET character_set_client = @saved_cs_client */;

--
-- Dumping data for table `course_schedules`
--

LOCK TABLES `course_schedules` WRITE;
/*!40000 ALTER TABLE `course_schedules` DISABLE KEYS */;
INSERT INTO `course_schedules` VALUES (1,'GG101','JXL06-101',1,1,2,'2023-2024',1,'2025-04-06 13:14:20','2025-04-07 11:37:07'),(2,'GG101','JXL06-102',2,3,4,'2023-2024',1,'2025-04-06 13:14:20','2025-04-07 11:37:07'),(3,'GG102','JXL01-201',1,3,4,'2023-2024',1,'2025-04-06 13:14:20','2025-04-07 11:37:07'),(4,'GG102','JXL01-202',3,1,2,'2023-2024',1,'2025-04-06 13:14:20','2025-04-07 11:37:07'),(5,'GG103','JXL04-201',2,1,2,'2023-2024',1,'2025-04-06 13:14:20','2025-04-07 11:37:07'),(6,'GG103','JXL04-202',4,3,4,'2023-2024',1,'2025-04-06 13:14:20','2025-04-07 11:37:07'),(7,'GG104','JXL01-201',2,5,6,'2023-2024',1,'2025-04-06 13:14:20','2025-04-07 11:37:07'),(8,'GG104','JXL01-202',4,5,6,'2023-2024',1,'2025-04-06 13:14:20','2025-04-07 11:37:07'),(13,'EE101','JXL05-102',1,7,8,'2023-2024',1,'2025-04-06 13:14:20','2025-04-07 11:37:07'),(14,'EE101','JXL05-102',3,7,8,'2023-2024',1,'2025-04-06 13:14:20','2025-04-07 11:37:07'),(15,'ME101','JXL05-201',2,3,4,'2023-2024',1,'2025-04-06 13:14:20','2025-04-07 11:37:07'),(16,'ME101','JXL05-201',4,1,2,'2023-2024',1,'2025-04-06 13:14:20','2025-04-07 11:37:07'),(17,'CS103','SYL02-101',5,5,6,'2023-2024',1,'2025-04-06 13:14:20','2025-04-07 11:37:07');
/*!40000 ALTER TABLE `course_schedules` ENABLE KEYS */;
UNLOCK TABLES;

--
-- Table structure for table `course_selection_stats`
--

DROP TABLE IF EXISTS `course_selection_stats`;
/*!40101 SET @saved_cs_client     = @@character_set_client */;
/*!50503 SET character_set_client = utf8mb4 */;
CREATE TABLE `course_selection_stats` (
  `semester` varchar(20) NOT NULL,
  `course_id` varchar(20) NOT NULL,
  `total_selections` int NOT NULL DEFAULT '0',
  `successful_selections` int NOT NULL DEFAULT '0',
  `last_updated` timestamp NOT NULL DEFAULT CURRENT_TIMESTAMP ON UPDATE CURRENT_TIMESTAMP,
  PRIMARY KEY (`semester`,`course_id`),
  KEY `fk_stats_course` (`course_id`),
  CONSTRAINT `fk_stats_course` FOREIGN KEY (`course_id`) REFERENCES `courses` (`id`) ON DELETE CASCADE
) ENGINE=InnoDB DEFAULT CHARSET=utf8mb4 COLLATE=utf8mb4_0900_ai_ci COMMENT='选课统计表';
/*!40101 SET character_set_client = @saved_cs_client */;

--
-- Dumping data for table `course_selection_stats`
--

LOCK TABLES `course_selection_stats` WRITE;
/*!40000 ALTER TABLE `course_selection_stats` DISABLE KEYS */;
INSERT INTO `course_selection_stats` VALUES ('2023-2024-1','CS103',60,60,'2025-04-06 13:14:20'),('2023-2024-1','EE101',30,30,'2025-04-06 13:14:20'),('2023-2024-1','GG101',120,120,'2025-04-06 13:14:20'),('2023-2024-1','GG102',120,120,'2025-04-06 13:14:20'),('2023-2024-1','GG103',120,120,'2025-04-06 13:14:20'),('2023-2024-1','GG104',120,120,'2025-04-06 13:14:20'),('2023-2024-1','ME101',30,30,'2025-04-06 13:14:20');
/*!40000 ALTER TABLE `course_selection_stats` ENABLE KEYS */;
UNLOCK TABLES;

--
-- Table structure for table `course_selections`
--

DROP TABLE IF EXISTS `course_selections`;
/*!40101 SET @saved_cs_client     = @@character_set_client */;
/*!50503 SET character_set_client = utf8mb4 */;
CREATE TABLE `course_selections` (
  `id` bigint NOT NULL AUTO_INCREMENT,
  `student_id` char(14) NOT NULL COMMENT '学号(格式：年份4位+部门号4位+专业号2位+班级号2位+学生编号2位)',
  `course_id` varchar(20) NOT NULL COMMENT '课程编号',
  `class_id` char(12) NOT NULL COMMENT '班级编号(格式：年份4位+部门号4位+专业号2位+班级号2位)',
  `semester` varchar(20) NOT NULL COMMENT '学期',
  `selection_time` timestamp NOT NULL DEFAULT CURRENT_TIMESTAMP COMMENT '选课时间',
  `status` varchar(20) DEFAULT '已选' COMMENT '选课状态',
  `created_at` timestamp NOT NULL DEFAULT CURRENT_TIMESTAMP,
  `updated_at` timestamp NOT NULL DEFAULT CURRENT_TIMESTAMP ON UPDATE CURRENT_TIMESTAMP,
  PRIMARY KEY (`id`),
  UNIQUE KEY `uk_student_course` (`student_id`,`course_id`,`semester`),
  KEY `idx_student` (`student_id`),
  KEY `idx_course` (`course_id`),
  KEY `idx_class` (`class_id`),
  KEY `idx_semester_status` (`semester`,`status`),
  KEY `idx_semester_course` (`semester`,`course_id`),
  KEY `idx_semester_student` (`semester`,`student_id`),
  KEY `idx_selection_time` (`selection_time`),
  CONSTRAINT `course_selections_ibfk_1` FOREIGN KEY (`course_id`) REFERENCES `courses` (`id`) ON DELETE CASCADE,
  CONSTRAINT `course_selections_ibfk_3` FOREIGN KEY (`student_id`) REFERENCES `students` (`id`),
  CONSTRAINT `fk_cs_class_id` FOREIGN KEY (`class_id`) REFERENCES `classes` (`id`),
  CONSTRAINT `fk_cs_student_id` FOREIGN KEY (`student_id`) REFERENCES `students` (`id`)
) ENGINE=InnoDB AUTO_INCREMENT=721 DEFAULT CHARSET=utf8mb4 COLLATE=utf8mb4_0900_ai_ci COMMENT='选课表';
/*!40101 SET character_set_client = @saved_cs_client */;

--
-- Dumping data for table `course_selections`
--

LOCK TABLES `course_selections` WRITE;
/*!40000 ALTER TABLE `course_selections` DISABLE KEYS */;
INSERT INTO `course_selections` VALUES (121,'20231001010101','CS103','202310010101','2023-2024-1','2025-04-06 13:14:20','已选','2025-04-06 13:14:20','2025-04-06 13:14:20'),(122,'20231001010102','CS103','202310010101','2023-2024-1','2025-04-06 13:14:20','已选','2025-04-06 13:14:20','2025-04-06 13:14:20'),(123,'20231001010103','CS103','202310010101','2023-2024-1','2025-04-06 13:14:20','已选','2025-04-06 13:14:20','2025-04-06 13:14:20'),(124,'20231001010104','CS103','202310010101','2023-2024-1','2025-04-06 13:14:20','已选','2025-04-06 13:14:20','2025-04-06 13:14:20'),(125,'20231001010105','CS103','202310010101','2023-2024-1','2025-04-06 13:14:20','已选','2025-04-06 13:14:20','2025-04-06 13:14:20'),(126,'20231001010106','CS103','202310010101','2023-2024-1','2025-04-06 13:14:20','已选','2025-04-06 13:14:20','2025-04-06 13:14:20'),(127,'20231001010107','CS103','202310010101','2023-2024-1','2025-04-06 13:14:20','已选','2025-04-06 13:14:20','2025-04-06 13:14:20'),(128,'20231001010108','CS103','202310010101','2023-2024-1','2025-04-06 13:14:20','已选','2025-04-06 13:14:20','2025-04-06 13:14:20'),(129,'20231001010109','CS103','202310010101','2023-2024-1','2025-04-06 13:14:20','已选','2025-04-06 13:14:20','2025-04-06 13:14:20'),(130,'20231001010110','CS103','202310010101','2023-2024-1','2025-04-06 13:14:20','已选','2025-04-06 13:14:20','2025-04-06 13:14:20'),(131,'20231001010111','CS103','202310010101','2023-2024-1','2025-04-06 13:14:20','已选','2025-04-06 13:14:20','2025-04-06 13:14:20'),(132,'20231001010112','CS103','202310010101','2023-2024-1','2025-04-06 13:14:20','已选','2025-04-06 13:14:20','2025-04-06 13:14:20'),(133,'20231001010113','CS103','202310010101','2023-2024-1','2025-04-06 13:14:20','已选','2025-04-06 13:14:20','2025-04-06 13:14:20'),(134,'20231001010114','CS103','202310010101','2023-2024-1','2025-04-06 13:14:20','已选','2025-04-06 13:14:20','2025-04-06 13:14:20'),(135,'20231001010115','CS103','202310010101','2023-2024-1','2025-04-06 13:14:20','已选','2025-04-06 13:14:20','2025-04-06 13:14:20'),(136,'20231001010116','CS103','202310010101','2023-2024-1','2025-04-06 13:14:20','已选','2025-04-06 13:14:20','2025-04-06 13:14:20'),(137,'20231001010117','CS103','202310010101','2023-2024-1','2025-04-06 13:14:20','已选','2025-04-06 13:14:20','2025-04-06 13:14:20'),(138,'20231001010118','CS103','202310010101','2023-2024-1','2025-04-06 13:14:20','已选','2025-04-06 13:14:20','2025-04-06 13:14:20'),(139,'20231001010119','CS103','202310010101','2023-2024-1','2025-04-06 13:14:20','已选','2025-04-06 13:14:20','2025-04-06 13:14:20'),(140,'20231001010120','CS103','202310010101','2023-2024-1','2025-04-06 13:14:20','已选','2025-04-06 13:14:20','2025-04-06 13:14:20'),(141,'20231001010121','CS103','202310010101','2023-2024-1','2025-04-06 13:14:20','已选','2025-04-06 13:14:20','2025-04-06 13:14:20'),(142,'20231001010122','CS103','202310010101','2023-2024-1','2025-04-06 13:14:20','已选','2025-04-06 13:14:20','2025-04-06 13:14:20'),(143,'20231001010123','CS103','202310010101','2023-2024-1','2025-04-06 13:14:20','已选','2025-04-06 13:14:20','2025-04-06 13:14:20'),(144,'20231001010124','CS103','202310010101','2023-2024-1','2025-04-06 13:14:20','已选','2025-04-06 13:14:20','2025-04-06 13:14:20'),(145,'20231001010125','CS103','202310010101','2023-2024-1','2025-04-06 13:14:20','已选','2025-04-06 13:14:20','2025-04-06 13:14:20'),(146,'20231001010126','CS103','202310010101','2023-2024-1','2025-04-06 13:14:20','已选','2025-04-06 13:14:20','2025-04-06 13:14:20'),(147,'20231001010127','CS103','202310010101','2023-2024-1','2025-04-06 13:14:20','已选','2025-04-06 13:14:20','2025-04-06 13:14:20'),(148,'20231001010128','CS103','202310010101','2023-2024-1','2025-04-06 13:14:20','已选','2025-04-06 13:14:20','2025-04-06 13:14:20'),(149,'20231001010129','CS103','202310010101','2023-2024-1','2025-04-06 13:14:20','已选','2025-04-06 13:14:20','2025-04-06 13:14:20'),(150,'20231001010130','CS103','202310010101','2023-2024-1','2025-04-06 13:14:20','已选','2025-04-06 13:14:20','2025-04-06 13:14:20'),(151,'20231001020101','CS103','202310010201','2023-2024-1','2025-04-06 13:14:20','已选','2025-04-06 13:14:20','2025-04-06 13:14:20'),(152,'20231001020102','CS103','202310010201','2023-2024-1','2025-04-06 13:14:20','已选','2025-04-06 13:14:20','2025-04-06 13:14:20'),(153,'20231001020103','CS103','202310010201','2023-2024-1','2025-04-06 13:14:20','已选','2025-04-06 13:14:20','2025-04-06 13:14:20'),(154,'20231001020104','CS103','202310010201','2023-2024-1','2025-04-06 13:14:20','已选','2025-04-06 13:14:20','2025-04-06 13:14:20'),(155,'20231001020105','CS103','202310010201','2023-2024-1','2025-04-06 13:14:20','已选','2025-04-06 13:14:20','2025-04-06 13:14:20'),(156,'20231001020106','CS103','202310010201','2023-2024-1','2025-04-06 13:14:20','已选','2025-04-06 13:14:20','2025-04-06 13:14:20'),(157,'20231001020107','CS103','202310010201','2023-2024-1','2025-04-06 13:14:20','已选','2025-04-06 13:14:20','2025-04-06 13:14:20'),(158,'20231001020108','CS103','202310010201','2023-2024-1','2025-04-06 13:14:20','已选','2025-04-06 13:14:20','2025-04-06 13:14:20'),(159,'20231001020109','CS103','202310010201','2023-2024-1','2025-04-06 13:14:20','已选','2025-04-06 13:14:20','2025-04-06 13:14:20'),(160,'20231001020110','CS103','202310010201','2023-2024-1','2025-04-06 13:14:20','已选','2025-04-06 13:14:20','2025-04-06 13:14:20'),(161,'20231001020111','CS103','202310010201','2023-2024-1','2025-04-06 13:14:20','已选','2025-04-06 13:14:20','2025-04-06 13:14:20'),(162,'20231001020112','CS103','202310010201','2023-2024-1','2025-04-06 13:14:20','已选','2025-04-06 13:14:20','2025-04-06 13:14:20'),(163,'20231001020113','CS103','202310010201','2023-2024-1','2025-04-06 13:14:20','已选','2025-04-06 13:14:20','2025-04-06 13:14:20'),(164,'20231001020114','CS103','202310010201','2023-2024-1','2025-04-06 13:14:20','已选','2025-04-06 13:14:20','2025-04-06 13:14:20'),(165,'20231001020115','CS103','202310010201','2023-2024-1','2025-04-06 13:14:20','已选','2025-04-06 13:14:20','2025-04-06 13:14:20'),(166,'20231001020116','CS103','202310010201','2023-2024-1','2025-04-06 13:14:20','已选','2025-04-06 13:14:20','2025-04-06 13:14:20'),(167,'20231001020117','CS103','202310010201','2023-2024-1','2025-04-06 13:14:20','已选','2025-04-06 13:14:20','2025-04-06 13:14:20'),(168,'20231001020118','CS103','202310010201','2023-2024-1','2025-04-06 13:14:20','已选','2025-04-06 13:14:20','2025-04-06 13:14:20'),(169,'20231001020119','CS103','202310010201','2023-2024-1','2025-04-06 13:14:20','已选','2025-04-06 13:14:20','2025-04-06 13:14:20'),(170,'20231001020120','CS103','202310010201','2023-2024-1','2025-04-06 13:14:20','已选','2025-04-06 13:14:20','2025-04-06 13:14:20'),(171,'20231001020121','CS103','202310010201','2023-2024-1','2025-04-06 13:14:20','已选','2025-04-06 13:14:20','2025-04-06 13:14:20'),(172,'20231001020122','CS103','202310010201','2023-2024-1','2025-04-06 13:14:20','已选','2025-04-06 13:14:20','2025-04-06 13:14:20'),(173,'20231001020123','CS103','202310010201','2023-2024-1','2025-04-06 13:14:20','已选','2025-04-06 13:14:20','2025-04-06 13:14:20'),(174,'20231001020124','CS103','202310010201','2023-2024-1','2025-04-06 13:14:20','已选','2025-04-06 13:14:20','2025-04-06 13:14:20'),(175,'20231001020125','CS103','202310010201','2023-2024-1','2025-04-06 13:14:20','已选','2025-04-06 13:14:20','2025-04-06 13:14:20'),(176,'20231001020126','CS103','202310010201','2023-2024-1','2025-04-06 13:14:20','已选','2025-04-06 13:14:20','2025-04-06 13:14:20'),(177,'20231001020127','CS103','202310010201','2023-2024-1','2025-04-06 13:14:20','已选','2025-04-06 13:14:20','2025-04-06 13:14:20'),(178,'20231001020128','CS103','202310010201','2023-2024-1','2025-04-06 13:14:20','已选','2025-04-06 13:14:20','2025-04-06 13:14:20'),(179,'20231001020129','CS103','202310010201','2023-2024-1','2025-04-06 13:14:20','已选','2025-04-06 13:14:20','2025-04-06 13:14:20'),(180,'20231001020130','CS103','202310010201','2023-2024-1','2025-04-06 13:14:20','已选','2025-04-06 13:14:20','2025-04-06 13:14:20'),(181,'20231002010101','EE101','202310020101','2023-2024-1','2025-04-06 13:14:20','已选','2025-04-06 13:14:20','2025-04-06 13:14:20'),(182,'20231002010102','EE101','202310020101','2023-2024-1','2025-04-06 13:14:20','已选','2025-04-06 13:14:20','2025-04-06 13:14:20'),(183,'20231002010103','EE101','202310020101','2023-2024-1','2025-04-06 13:14:20','已选','2025-04-06 13:14:20','2025-04-06 13:14:20'),(184,'20231002010104','EE101','202310020101','2023-2024-1','2025-04-06 13:14:20','已选','2025-04-06 13:14:20','2025-04-06 13:14:20'),(185,'20231002010105','EE101','202310020101','2023-2024-1','2025-04-06 13:14:20','已选','2025-04-06 13:14:20','2025-04-06 13:14:20'),(186,'20231002010106','EE101','202310020101','2023-2024-1','2025-04-06 13:14:20','已选','2025-04-06 13:14:20','2025-04-06 13:14:20'),(187,'20231002010107','EE101','202310020101','2023-2024-1','2025-04-06 13:14:20','已选','2025-04-06 13:14:20','2025-04-06 13:14:20'),(188,'20231002010108','EE101','202310020101','2023-2024-1','2025-04-06 13:14:20','已选','2025-04-06 13:14:20','2025-04-06 13:14:20'),(189,'20231002010109','EE101','202310020101','2023-2024-1','2025-04-06 13:14:20','已选','2025-04-06 13:14:20','2025-04-06 13:14:20'),(190,'20231002010110','EE101','202310020101','2023-2024-1','2025-04-06 13:14:20','已选','2025-04-06 13:14:20','2025-04-06 13:14:20'),(191,'20231002010111','EE101','202310020101','2023-2024-1','2025-04-06 13:14:20','已选','2025-04-06 13:14:20','2025-04-06 13:14:20'),(192,'20231002010112','EE101','202310020101','2023-2024-1','2025-04-06 13:14:20','已选','2025-04-06 13:14:20','2025-04-06 13:14:20'),(193,'20231002010113','EE101','202310020101','2023-2024-1','2025-04-06 13:14:20','已选','2025-04-06 13:14:20','2025-04-06 13:14:20'),(194,'20231002010114','EE101','202310020101','2023-2024-1','2025-04-06 13:14:20','已选','2025-04-06 13:14:20','2025-04-06 13:14:20'),(195,'20231002010115','EE101','202310020101','2023-2024-1','2025-04-06 13:14:20','已选','2025-04-06 13:14:20','2025-04-06 13:14:20'),(196,'20231002010116','EE101','202310020101','2023-2024-1','2025-04-06 13:14:20','已选','2025-04-06 13:14:20','2025-04-06 13:14:20'),(197,'20231002010117','EE101','202310020101','2023-2024-1','2025-04-06 13:14:20','已选','2025-04-06 13:14:20','2025-04-06 13:14:20'),(198,'20231002010118','EE101','202310020101','2023-2024-1','2025-04-06 13:14:20','已选','2025-04-06 13:14:20','2025-04-06 13:14:20'),(199,'20231002010119','EE101','202310020101','2023-2024-1','2025-04-06 13:14:20','已选','2025-04-06 13:14:20','2025-04-06 13:14:20'),(200,'20231002010120','EE101','202310020101','2023-2024-1','2025-04-06 13:14:20','已选','2025-04-06 13:14:20','2025-04-06 13:14:20'),(201,'20231002010121','EE101','202310020101','2023-2024-1','2025-04-06 13:14:20','已选','2025-04-06 13:14:20','2025-04-06 13:14:20'),(202,'20231002010122','EE101','202310020101','2023-2024-1','2025-04-06 13:14:20','已选','2025-04-06 13:14:20','2025-04-06 13:14:20'),(203,'20231002010123','EE101','202310020101','2023-2024-1','2025-04-06 13:14:20','已选','2025-04-06 13:14:20','2025-04-06 13:14:20'),(204,'20231002010124','EE101','202310020101','2023-2024-1','2025-04-06 13:14:20','已选','2025-04-06 13:14:20','2025-04-06 13:14:20'),(205,'20231002010125','EE101','202310020101','2023-2024-1','2025-04-06 13:14:20','已选','2025-04-06 13:14:20','2025-04-06 13:14:20'),(206,'20231002010126','EE101','202310020101','2023-2024-1','2025-04-06 13:14:20','已选','2025-04-06 13:14:20','2025-04-06 13:14:20'),(207,'20231002010127','EE101','202310020101','2023-2024-1','2025-04-06 13:14:20','已选','2025-04-06 13:14:20','2025-04-06 13:14:20'),(208,'20231002010128','EE101','202310020101','2023-2024-1','2025-04-06 13:14:20','已选','2025-04-06 13:14:20','2025-04-06 13:14:20'),(209,'20231002010129','EE101','202310020101','2023-2024-1','2025-04-06 13:14:20','已选','2025-04-06 13:14:20','2025-04-06 13:14:20'),(210,'20231002010130','EE101','202310020101','2023-2024-1','2025-04-06 13:14:20','已选','2025-04-06 13:14:20','2025-04-06 13:14:20'),(211,'20231001010101','GG101','202310010101','2023-2024-1','2025-04-06 13:14:20','已选','2025-04-06 13:14:20','2025-04-06 13:14:20'),(212,'20231001010102','GG101','202310010101','2023-2024-1','2025-04-06 13:14:20','已选','2025-04-06 13:14:20','2025-04-06 13:14:20'),(213,'20231001010103','GG101','202310010101','2023-2024-1','2025-04-06 13:14:20','已选','2025-04-06 13:14:20','2025-04-06 13:14:20'),(214,'20231001010104','GG101','202310010101','2023-2024-1','2025-04-06 13:14:20','已选','2025-04-06 13:14:20','2025-04-06 13:14:20'),(215,'20231001010105','GG101','202310010101','2023-2024-1','2025-04-06 13:14:20','已选','2025-04-06 13:14:20','2025-04-06 13:14:20'),(216,'20231001010106','GG101','202310010101','2023-2024-1','2025-04-06 13:14:20','已选','2025-04-06 13:14:20','2025-04-06 13:14:20'),(217,'20231001010107','GG101','202310010101','2023-2024-1','2025-04-06 13:14:20','已选','2025-04-06 13:14:20','2025-04-06 13:14:20'),(218,'20231001010108','GG101','202310010101','2023-2024-1','2025-04-06 13:14:20','已选','2025-04-06 13:14:20','2025-04-06 13:14:20'),(219,'20231001010109','GG101','202310010101','2023-2024-1','2025-04-06 13:14:20','已选','2025-04-06 13:14:20','2025-04-06 13:14:20'),(220,'20231001010110','GG101','202310010101','2023-2024-1','2025-04-06 13:14:20','已选','2025-04-06 13:14:20','2025-04-06 13:14:20'),(221,'20231001010111','GG101','202310010101','2023-2024-1','2025-04-06 13:14:20','已选','2025-04-06 13:14:20','2025-04-06 13:14:20'),(222,'20231001010112','GG101','202310010101','2023-2024-1','2025-04-06 13:14:20','已选','2025-04-06 13:14:20','2025-04-06 13:14:20'),(223,'20231001010113','GG101','202310010101','2023-2024-1','2025-04-06 13:14:20','已选','2025-04-06 13:14:20','2025-04-06 13:14:20'),(224,'20231001010114','GG101','202310010101','2023-2024-1','2025-04-06 13:14:20','已选','2025-04-06 13:14:20','2025-04-06 13:14:20'),(225,'20231001010115','GG101','202310010101','2023-2024-1','2025-04-06 13:14:20','已选','2025-04-06 13:14:20','2025-04-06 13:14:20'),(226,'20231001010116','GG101','202310010101','2023-2024-1','2025-04-06 13:14:20','已选','2025-04-06 13:14:20','2025-04-06 13:14:20'),(227,'20231001010117','GG101','202310010101','2023-2024-1','2025-04-06 13:14:20','已选','2025-04-06 13:14:20','2025-04-06 13:14:20'),(228,'20231001010118','GG101','202310010101','2023-2024-1','2025-04-06 13:14:20','已选','2025-04-06 13:14:20','2025-04-06 13:14:20'),(229,'20231001010119','GG101','202310010101','2023-2024-1','2025-04-06 13:14:20','已选','2025-04-06 13:14:20','2025-04-06 13:14:20'),(230,'20231001010120','GG101','202310010101','2023-2024-1','2025-04-06 13:14:20','已选','2025-04-06 13:14:20','2025-04-06 13:14:20'),(231,'20231001010121','GG101','202310010101','2023-2024-1','2025-04-06 13:14:20','已选','2025-04-06 13:14:20','2025-04-06 13:14:20'),(232,'20231001010122','GG101','202310010101','2023-2024-1','2025-04-06 13:14:20','已选','2025-04-06 13:14:20','2025-04-06 13:14:20'),(233,'20231001010123','GG101','202310010101','2023-2024-1','2025-04-06 13:14:20','已选','2025-04-06 13:14:20','2025-04-06 13:14:20'),(234,'20231001010124','GG101','202310010101','2023-2024-1','2025-04-06 13:14:20','已选','2025-04-06 13:14:20','2025-04-06 13:14:20'),(235,'20231001010125','GG101','202310010101','2023-2024-1','2025-04-06 13:14:20','已选','2025-04-06 13:14:20','2025-04-06 13:14:20'),(236,'20231001010126','GG101','202310010101','2023-2024-1','2025-04-06 13:14:20','已选','2025-04-06 13:14:20','2025-04-06 13:14:20'),(237,'20231001010127','GG101','202310010101','2023-2024-1','2025-04-06 13:14:20','已选','2025-04-06 13:14:20','2025-04-06 13:14:20'),(238,'20231001010128','GG101','202310010101','2023-2024-1','2025-04-06 13:14:20','已选','2025-04-06 13:14:20','2025-04-06 13:14:20'),(239,'20231001010129','GG101','202310010101','2023-2024-1','2025-04-06 13:14:20','已选','2025-04-06 13:14:20','2025-04-06 13:14:20'),(240,'20231001010130','GG101','202310010101','2023-2024-1','2025-04-06 13:14:20','已选','2025-04-06 13:14:20','2025-04-06 13:14:20'),(241,'20231001020101','GG101','202310010201','2023-2024-1','2025-04-06 13:14:20','已选','2025-04-06 13:14:20','2025-04-06 13:14:20'),(242,'20231001020102','GG101','202310010201','2023-2024-1','2025-04-06 13:14:20','已选','2025-04-06 13:14:20','2025-04-06 13:14:20'),(243,'20231001020103','GG101','202310010201','2023-2024-1','2025-04-06 13:14:20','已选','2025-04-06 13:14:20','2025-04-06 13:14:20'),(244,'20231001020104','GG101','202310010201','2023-2024-1','2025-04-06 13:14:20','已选','2025-04-06 13:14:20','2025-04-06 13:14:20'),(245,'20231001020105','GG101','202310010201','2023-2024-1','2025-04-06 13:14:20','已选','2025-04-06 13:14:20','2025-04-06 13:14:20'),(246,'20231001020106','GG101','202310010201','2023-2024-1','2025-04-06 13:14:20','已选','2025-04-06 13:14:20','2025-04-06 13:14:20'),(247,'20231001020107','GG101','202310010201','2023-2024-1','2025-04-06 13:14:20','已选','2025-04-06 13:14:20','2025-04-06 13:14:20'),(248,'20231001020108','GG101','202310010201','2023-2024-1','2025-04-06 13:14:20','已选','2025-04-06 13:14:20','2025-04-06 13:14:20'),(249,'20231001020109','GG101','202310010201','2023-2024-1','2025-04-06 13:14:20','已选','2025-04-06 13:14:20','2025-04-06 13:14:20'),(250,'20231001020110','GG101','202310010201','2023-2024-1','2025-04-06 13:14:20','已选','2025-04-06 13:14:20','2025-04-06 13:14:20'),(251,'20231001020111','GG101','202310010201','2023-2024-1','2025-04-06 13:14:20','已选','2025-04-06 13:14:20','2025-04-06 13:14:20'),(252,'20231001020112','GG101','202310010201','2023-2024-1','2025-04-06 13:14:20','已选','2025-04-06 13:14:20','2025-04-06 13:14:20'),(253,'20231001020113','GG101','202310010201','2023-2024-1','2025-04-06 13:14:20','已选','2025-04-06 13:14:20','2025-04-06 13:14:20'),(254,'20231001020114','GG101','202310010201','2023-2024-1','2025-04-06 13:14:20','已选','2025-04-06 13:14:20','2025-04-06 13:14:20'),(255,'20231001020115','GG101','202310010201','2023-2024-1','2025-04-06 13:14:20','已选','2025-04-06 13:14:20','2025-04-06 13:14:20'),(256,'20231001020116','GG101','202310010201','2023-2024-1','2025-04-06 13:14:20','已选','2025-04-06 13:14:20','2025-04-06 13:14:20'),(257,'20231001020117','GG101','202310010201','2023-2024-1','2025-04-06 13:14:20','已选','2025-04-06 13:14:20','2025-04-06 13:14:20'),(258,'20231001020118','GG101','202310010201','2023-2024-1','2025-04-06 13:14:20','已选','2025-04-06 13:14:20','2025-04-06 13:14:20'),(259,'20231001020119','GG101','202310010201','2023-2024-1','2025-04-06 13:14:20','已选','2025-04-06 13:14:20','2025-04-06 13:14:20'),(260,'20231001020120','GG101','202310010201','2023-2024-1','2025-04-06 13:14:20','已选','2025-04-06 13:14:20','2025-04-06 13:14:20'),(261,'20231001020121','GG101','202310010201','2023-2024-1','2025-04-06 13:14:20','已选','2025-04-06 13:14:20','2025-04-06 13:14:20'),(262,'20231001020122','GG101','202310010201','2023-2024-1','2025-04-06 13:14:20','已选','2025-04-06 13:14:20','2025-04-06 13:14:20'),(263,'20231001020123','GG101','202310010201','2023-2024-1','2025-04-06 13:14:20','已选','2025-04-06 13:14:20','2025-04-06 13:14:20'),(264,'20231001020124','GG101','202310010201','2023-2024-1','2025-04-06 13:14:20','已选','2025-04-06 13:14:20','2025-04-06 13:14:20'),(265,'20231001020125','GG101','202310010201','2023-2024-1','2025-04-06 13:14:20','已选','2025-04-06 13:14:20','2025-04-06 13:14:20'),(266,'20231001020126','GG101','202310010201','2023-2024-1','2025-04-06 13:14:20','已选','2025-04-06 13:14:20','2025-04-06 13:14:20'),(267,'20231001020127','GG101','202310010201','2023-2024-1','2025-04-06 13:14:20','已选','2025-04-06 13:14:20','2025-04-06 13:14:20'),(268,'20231001020128','GG101','202310010201','2023-2024-1','2025-04-06 13:14:20','已选','2025-04-06 13:14:20','2025-04-06 13:14:20'),(269,'20231001020129','GG101','202310010201','2023-2024-1','2025-04-06 13:14:20','已选','2025-04-06 13:14:20','2025-04-06 13:14:20'),(270,'20231001020130','GG101','202310010201','2023-2024-1','2025-04-06 13:14:20','已选','2025-04-06 13:14:20','2025-04-06 13:14:20'),(271,'20231002010101','GG101','202310020101','2023-2024-1','2025-04-06 13:14:20','已选','2025-04-06 13:14:20','2025-04-06 13:14:20'),(272,'20231002010102','GG101','202310020101','2023-2024-1','2025-04-06 13:14:20','已选','2025-04-06 13:14:20','2025-04-06 13:14:20'),(273,'20231002010103','GG101','202310020101','2023-2024-1','2025-04-06 13:14:20','已选','2025-04-06 13:14:20','2025-04-06 13:14:20'),(274,'20231002010104','GG101','202310020101','2023-2024-1','2025-04-06 13:14:20','已选','2025-04-06 13:14:20','2025-04-06 13:14:20'),(275,'20231002010105','GG101','202310020101','2023-2024-1','2025-04-06 13:14:20','已选','2025-04-06 13:14:20','2025-04-06 13:14:20'),(276,'20231002010106','GG101','202310020101','2023-2024-1','2025-04-06 13:14:20','已选','2025-04-06 13:14:20','2025-04-06 13:14:20'),(277,'20231002010107','GG101','202310020101','2023-2024-1','2025-04-06 13:14:20','已选','2025-04-06 13:14:20','2025-04-06 13:14:20'),(278,'20231002010108','GG101','202310020101','2023-2024-1','2025-04-06 13:14:20','已选','2025-04-06 13:14:20','2025-04-06 13:14:20'),(279,'20231002010109','GG101','202310020101','2023-2024-1','2025-04-06 13:14:20','已选','2025-04-06 13:14:20','2025-04-06 13:14:20'),(280,'20231002010110','GG101','202310020101','2023-2024-1','2025-04-06 13:14:20','已选','2025-04-06 13:14:20','2025-04-06 13:14:20'),(281,'20231002010111','GG101','202310020101','2023-2024-1','2025-04-06 13:14:20','已选','2025-04-06 13:14:20','2025-04-06 13:14:20'),(282,'20231002010112','GG101','202310020101','2023-2024-1','2025-04-06 13:14:20','已选','2025-04-06 13:14:20','2025-04-06 13:14:20'),(283,'20231002010113','GG101','202310020101','2023-2024-1','2025-04-06 13:14:20','已选','2025-04-06 13:14:20','2025-04-06 13:14:20'),(284,'20231002010114','GG101','202310020101','2023-2024-1','2025-04-06 13:14:20','已选','2025-04-06 13:14:20','2025-04-06 13:14:20'),(285,'20231002010115','GG101','202310020101','2023-2024-1','2025-04-06 13:14:20','已选','2025-04-06 13:14:20','2025-04-06 13:14:20'),(286,'20231002010116','GG101','202310020101','2023-2024-1','2025-04-06 13:14:20','已选','2025-04-06 13:14:20','2025-04-06 13:14:20'),(287,'20231002010117','GG101','202310020101','2023-2024-1','2025-04-06 13:14:20','已选','2025-04-06 13:14:20','2025-04-06 13:14:20'),(288,'20231002010118','GG101','202310020101','2023-2024-1','2025-04-06 13:14:20','已选','2025-04-06 13:14:20','2025-04-06 13:14:20'),(289,'20231002010119','GG101','202310020101','2023-2024-1','2025-04-06 13:14:20','已选','2025-04-06 13:14:20','2025-04-06 13:14:20'),(290,'20231002010120','GG101','202310020101','2023-2024-1','2025-04-06 13:14:20','已选','2025-04-06 13:14:20','2025-04-06 13:14:20'),(291,'20231002010121','GG101','202310020101','2023-2024-1','2025-04-06 13:14:20','已选','2025-04-06 13:14:20','2025-04-06 13:14:20'),(292,'20231002010122','GG101','202310020101','2023-2024-1','2025-04-06 13:14:20','已选','2025-04-06 13:14:20','2025-04-06 13:14:20'),(293,'20231002010123','GG101','202310020101','2023-2024-1','2025-04-06 13:14:20','已选','2025-04-06 13:14:20','2025-04-06 13:14:20'),(294,'20231002010124','GG101','202310020101','2023-2024-1','2025-04-06 13:14:20','已选','2025-04-06 13:14:20','2025-04-06 13:14:20'),(295,'20231002010125','GG101','202310020101','2023-2024-1','2025-04-06 13:14:20','已选','2025-04-06 13:14:20','2025-04-06 13:14:20'),(296,'20231002010126','GG101','202310020101','2023-2024-1','2025-04-06 13:14:20','已选','2025-04-06 13:14:20','2025-04-06 13:14:20'),(297,'20231002010127','GG101','202310020101','2023-2024-1','2025-04-06 13:14:20','已选','2025-04-06 13:14:20','2025-04-06 13:14:20'),(298,'20231002010128','GG101','202310020101','2023-2024-1','2025-04-06 13:14:20','已选','2025-04-06 13:14:20','2025-04-06 13:14:20'),(299,'20231002010129','GG101','202310020101','2023-2024-1','2025-04-06 13:14:20','已选','2025-04-06 13:14:20','2025-04-06 13:14:20'),(300,'20231002010130','GG101','202310020101','2023-2024-1','2025-04-06 13:14:20','已选','2025-04-06 13:14:20','2025-04-06 13:14:20'),(301,'20231003010101','GG101','202310030101','2023-2024-1','2025-04-06 13:14:20','已选','2025-04-06 13:14:20','2025-04-06 13:14:20'),(302,'20231003010102','GG101','202310030101','2023-2024-1','2025-04-06 13:14:20','已选','2025-04-06 13:14:20','2025-04-06 13:14:20'),(303,'20231003010103','GG101','202310030101','2023-2024-1','2025-04-06 13:14:20','已选','2025-04-06 13:14:20','2025-04-06 13:14:20'),(304,'20231003010104','GG101','202310030101','2023-2024-1','2025-04-06 13:14:20','已选','2025-04-06 13:14:20','2025-04-06 13:14:20'),(305,'20231003010105','GG101','202310030101','2023-2024-1','2025-04-06 13:14:20','已选','2025-04-06 13:14:20','2025-04-06 13:14:20'),(306,'20231003010106','GG101','202310030101','2023-2024-1','2025-04-06 13:14:20','已选','2025-04-06 13:14:20','2025-04-06 13:14:20'),(307,'20231003010107','GG101','202310030101','2023-2024-1','2025-04-06 13:14:20','已选','2025-04-06 13:14:20','2025-04-06 13:14:20'),(308,'20231003010108','GG101','202310030101','2023-2024-1','2025-04-06 13:14:20','已选','2025-04-06 13:14:20','2025-04-06 13:14:20'),(309,'20231003010109','GG101','202310030101','2023-2024-1','2025-04-06 13:14:20','已选','2025-04-06 13:14:20','2025-04-06 13:14:20'),(310,'20231003010110','GG101','202310030101','2023-2024-1','2025-04-06 13:14:20','已选','2025-04-06 13:14:20','2025-04-06 13:14:20'),(311,'20231003010111','GG101','202310030101','2023-2024-1','2025-04-06 13:14:20','已选','2025-04-06 13:14:20','2025-04-06 13:14:20'),(312,'20231003010112','GG101','202310030101','2023-2024-1','2025-04-06 13:14:20','已选','2025-04-06 13:14:20','2025-04-06 13:14:20'),(313,'20231003010113','GG101','202310030101','2023-2024-1','2025-04-06 13:14:20','已选','2025-04-06 13:14:20','2025-04-06 13:14:20'),(314,'20231003010114','GG101','202310030101','2023-2024-1','2025-04-06 13:14:20','已选','2025-04-06 13:14:20','2025-04-06 13:14:20'),(315,'20231003010115','GG101','202310030101','2023-2024-1','2025-04-06 13:14:20','已选','2025-04-06 13:14:20','2025-04-06 13:14:20'),(316,'20231003010116','GG101','202310030101','2023-2024-1','2025-04-06 13:14:20','已选','2025-04-06 13:14:20','2025-04-06 13:14:20'),(317,'20231003010117','GG101','202310030101','2023-2024-1','2025-04-06 13:14:20','已选','2025-04-06 13:14:20','2025-04-06 13:14:20'),(318,'20231003010118','GG101','202310030101','2023-2024-1','2025-04-06 13:14:20','已选','2025-04-06 13:14:20','2025-04-06 13:14:20'),(319,'20231003010119','GG101','202310030101','2023-2024-1','2025-04-06 13:14:20','已选','2025-04-06 13:14:20','2025-04-06 13:14:20'),(320,'20231003010120','GG101','202310030101','2023-2024-1','2025-04-06 13:14:20','已选','2025-04-06 13:14:20','2025-04-06 13:14:20'),(321,'20231003010121','GG101','202310030101','2023-2024-1','2025-04-06 13:14:20','已选','2025-04-06 13:14:20','2025-04-06 13:14:20'),(322,'20231003010122','GG101','202310030101','2023-2024-1','2025-04-06 13:14:20','已选','2025-04-06 13:14:20','2025-04-06 13:14:20'),(323,'20231003010123','GG101','202310030101','2023-2024-1','2025-04-06 13:14:20','已选','2025-04-06 13:14:20','2025-04-06 13:14:20'),(324,'20231003010124','GG101','202310030101','2023-2024-1','2025-04-06 13:14:20','已选','2025-04-06 13:14:20','2025-04-06 13:14:20'),(325,'20231003010125','GG101','202310030101','2023-2024-1','2025-04-06 13:14:20','已选','2025-04-06 13:14:20','2025-04-06 13:14:20'),(326,'20231003010126','GG101','202310030101','2023-2024-1','2025-04-06 13:14:20','已选','2025-04-06 13:14:20','2025-04-06 13:14:20'),(327,'20231003010127','GG101','202310030101','2023-2024-1','2025-04-06 13:14:20','已选','2025-04-06 13:14:20','2025-04-06 13:14:20'),(328,'20231003010128','GG101','202310030101','2023-2024-1','2025-04-06 13:14:20','已选','2025-04-06 13:14:20','2025-04-06 13:14:20'),(329,'20231003010129','GG101','202310030101','2023-2024-1','2025-04-06 13:14:20','已选','2025-04-06 13:14:20','2025-04-06 13:14:20'),(330,'20231003010130','GG101','202310030101','2023-2024-1','2025-04-06 13:14:20','已选','2025-04-06 13:14:20','2025-04-06 13:14:20'),(331,'20231001010101','GG102','202310010101','2023-2024-1','2025-04-06 13:14:20','已选','2025-04-06 13:14:20','2025-04-06 13:14:20'),(332,'20231001010102','GG102','202310010101','2023-2024-1','2025-04-06 13:14:20','已选','2025-04-06 13:14:20','2025-04-06 13:14:20'),(333,'20231001010103','GG102','202310010101','2023-2024-1','2025-04-06 13:14:20','已选','2025-04-06 13:14:20','2025-04-06 13:14:20'),(334,'20231001010104','GG102','202310010101','2023-2024-1','2025-04-06 13:14:20','已选','2025-04-06 13:14:20','2025-04-06 13:14:20'),(335,'20231001010105','GG102','202310010101','2023-2024-1','2025-04-06 13:14:20','已选','2025-04-06 13:14:20','2025-04-06 13:14:20'),(336,'20231001010106','GG102','202310010101','2023-2024-1','2025-04-06 13:14:20','已选','2025-04-06 13:14:20','2025-04-06 13:14:20'),(337,'20231001010107','GG102','202310010101','2023-2024-1','2025-04-06 13:14:20','已选','2025-04-06 13:14:20','2025-04-06 13:14:20'),(338,'20231001010108','GG102','202310010101','2023-2024-1','2025-04-06 13:14:20','已选','2025-04-06 13:14:20','2025-04-06 13:14:20'),(339,'20231001010109','GG102','202310010101','2023-2024-1','2025-04-06 13:14:20','已选','2025-04-06 13:14:20','2025-04-06 13:14:20'),(340,'20231001010110','GG102','202310010101','2023-2024-1','2025-04-06 13:14:20','已选','2025-04-06 13:14:20','2025-04-06 13:14:20'),(341,'20231001010111','GG102','202310010101','2023-2024-1','2025-04-06 13:14:20','已选','2025-04-06 13:14:20','2025-04-06 13:14:20'),(342,'20231001010112','GG102','202310010101','2023-2024-1','2025-04-06 13:14:20','已选','2025-04-06 13:14:20','2025-04-06 13:14:20'),(343,'20231001010113','GG102','202310010101','2023-2024-1','2025-04-06 13:14:20','已选','2025-04-06 13:14:20','2025-04-06 13:14:20'),(344,'20231001010114','GG102','202310010101','2023-2024-1','2025-04-06 13:14:20','已选','2025-04-06 13:14:20','2025-04-06 13:14:20'),(345,'20231001010115','GG102','202310010101','2023-2024-1','2025-04-06 13:14:20','已选','2025-04-06 13:14:20','2025-04-06 13:14:20'),(346,'20231001010116','GG102','202310010101','2023-2024-1','2025-04-06 13:14:20','已选','2025-04-06 13:14:20','2025-04-06 13:14:20'),(347,'20231001010117','GG102','202310010101','2023-2024-1','2025-04-06 13:14:20','已选','2025-04-06 13:14:20','2025-04-06 13:14:20'),(348,'20231001010118','GG102','202310010101','2023-2024-1','2025-04-06 13:14:20','已选','2025-04-06 13:14:20','2025-04-06 13:14:20'),(349,'20231001010119','GG102','202310010101','2023-2024-1','2025-04-06 13:14:20','已选','2025-04-06 13:14:20','2025-04-06 13:14:20'),(350,'20231001010120','GG102','202310010101','2023-2024-1','2025-04-06 13:14:20','已选','2025-04-06 13:14:20','2025-04-06 13:14:20'),(351,'20231001010121','GG102','202310010101','2023-2024-1','2025-04-06 13:14:20','已选','2025-04-06 13:14:20','2025-04-06 13:14:20'),(352,'20231001010122','GG102','202310010101','2023-2024-1','2025-04-06 13:14:20','已选','2025-04-06 13:14:20','2025-04-06 13:14:20'),(353,'20231001010123','GG102','202310010101','2023-2024-1','2025-04-06 13:14:20','已选','2025-04-06 13:14:20','2025-04-06 13:14:20'),(354,'20231001010124','GG102','202310010101','2023-2024-1','2025-04-06 13:14:20','已选','2025-04-06 13:14:20','2025-04-06 13:14:20'),(355,'20231001010125','GG102','202310010101','2023-2024-1','2025-04-06 13:14:20','已选','2025-04-06 13:14:20','2025-04-06 13:14:20'),(356,'20231001010126','GG102','202310010101','2023-2024-1','2025-04-06 13:14:20','已选','2025-04-06 13:14:20','2025-04-06 13:14:20'),(357,'20231001010127','GG102','202310010101','2023-2024-1','2025-04-06 13:14:20','已选','2025-04-06 13:14:20','2025-04-06 13:14:20'),(358,'20231001010128','GG102','202310010101','2023-2024-1','2025-04-06 13:14:20','已选','2025-04-06 13:14:20','2025-04-06 13:14:20'),(359,'20231001010129','GG102','202310010101','2023-2024-1','2025-04-06 13:14:20','已选','2025-04-06 13:14:20','2025-04-06 13:14:20'),(360,'20231001010130','GG102','202310010101','2023-2024-1','2025-04-06 13:14:20','已选','2025-04-06 13:14:20','2025-04-06 13:14:20'),(361,'20231001020101','GG102','202310010201','2023-2024-1','2025-04-06 13:14:20','已选','2025-04-06 13:14:20','2025-04-06 13:14:20'),(362,'20231001020102','GG102','202310010201','2023-2024-1','2025-04-06 13:14:20','已选','2025-04-06 13:14:20','2025-04-06 13:14:20'),(363,'20231001020103','GG102','202310010201','2023-2024-1','2025-04-06 13:14:20','已选','2025-04-06 13:14:20','2025-04-06 13:14:20'),(364,'20231001020104','GG102','202310010201','2023-2024-1','2025-04-06 13:14:20','已选','2025-04-06 13:14:20','2025-04-06 13:14:20'),(365,'20231001020105','GG102','202310010201','2023-2024-1','2025-04-06 13:14:20','已选','2025-04-06 13:14:20','2025-04-06 13:14:20'),(366,'20231001020106','GG102','202310010201','2023-2024-1','2025-04-06 13:14:20','已选','2025-04-06 13:14:20','2025-04-06 13:14:20'),(367,'20231001020107','GG102','202310010201','2023-2024-1','2025-04-06 13:14:20','已选','2025-04-06 13:14:20','2025-04-06 13:14:20'),(368,'20231001020108','GG102','202310010201','2023-2024-1','2025-04-06 13:14:20','已选','2025-04-06 13:14:20','2025-04-06 13:14:20'),(369,'20231001020109','GG102','202310010201','2023-2024-1','2025-04-06 13:14:20','已选','2025-04-06 13:14:20','2025-04-06 13:14:20'),(370,'20231001020110','GG102','202310010201','2023-2024-1','2025-04-06 13:14:20','已选','2025-04-06 13:14:20','2025-04-06 13:14:20'),(371,'20231001020111','GG102','202310010201','2023-2024-1','2025-04-06 13:14:20','已选','2025-04-06 13:14:20','2025-04-06 13:14:20'),(372,'20231001020112','GG102','202310010201','2023-2024-1','2025-04-06 13:14:20','已选','2025-04-06 13:14:20','2025-04-06 13:14:20'),(373,'20231001020113','GG102','202310010201','2023-2024-1','2025-04-06 13:14:20','已选','2025-04-06 13:14:20','2025-04-06 13:14:20'),(374,'20231001020114','GG102','202310010201','2023-2024-1','2025-04-06 13:14:20','已选','2025-04-06 13:14:20','2025-04-06 13:14:20'),(375,'20231001020115','GG102','202310010201','2023-2024-1','2025-04-06 13:14:20','已选','2025-04-06 13:14:20','2025-04-06 13:14:20'),(376,'20231001020116','GG102','202310010201','2023-2024-1','2025-04-06 13:14:20','已选','2025-04-06 13:14:20','2025-04-06 13:14:20'),(377,'20231001020117','GG102','202310010201','2023-2024-1','2025-04-06 13:14:20','已选','2025-04-06 13:14:20','2025-04-06 13:14:20'),(378,'20231001020118','GG102','202310010201','2023-2024-1','2025-04-06 13:14:20','已选','2025-04-06 13:14:20','2025-04-06 13:14:20'),(379,'20231001020119','GG102','202310010201','2023-2024-1','2025-04-06 13:14:20','已选','2025-04-06 13:14:20','2025-04-06 13:14:20'),(380,'20231001020120','GG102','202310010201','2023-2024-1','2025-04-06 13:14:20','已选','2025-04-06 13:14:20','2025-04-06 13:14:20'),(381,'20231001020121','GG102','202310010201','2023-2024-1','2025-04-06 13:14:20','已选','2025-04-06 13:14:20','2025-04-06 13:14:20'),(382,'20231001020122','GG102','202310010201','2023-2024-1','2025-04-06 13:14:20','已选','2025-04-06 13:14:20','2025-04-06 13:14:20'),(383,'20231001020123','GG102','202310010201','2023-2024-1','2025-04-06 13:14:20','已选','2025-04-06 13:14:20','2025-04-06 13:14:20'),(384,'20231001020124','GG102','202310010201','2023-2024-1','2025-04-06 13:14:20','已选','2025-04-06 13:14:20','2025-04-06 13:14:20'),(385,'20231001020125','GG102','202310010201','2023-2024-1','2025-04-06 13:14:20','已选','2025-04-06 13:14:20','2025-04-06 13:14:20'),(386,'20231001020126','GG102','202310010201','2023-2024-1','2025-04-06 13:14:20','已选','2025-04-06 13:14:20','2025-04-06 13:14:20'),(387,'20231001020127','GG102','202310010201','2023-2024-1','2025-04-06 13:14:20','已选','2025-04-06 13:14:20','2025-04-06 13:14:20'),(388,'20231001020128','GG102','202310010201','2023-2024-1','2025-04-06 13:14:20','已选','2025-04-06 13:14:20','2025-04-06 13:14:20'),(389,'20231001020129','GG102','202310010201','2023-2024-1','2025-04-06 13:14:20','已选','2025-04-06 13:14:20','2025-04-06 13:14:20'),(390,'20231001020130','GG102','202310010201','2023-2024-1','2025-04-06 13:14:20','已选','2025-04-06 13:14:20','2025-04-06 13:14:20'),(391,'20231002010101','GG102','202310020101','2023-2024-1','2025-04-06 13:14:20','已选','2025-04-06 13:14:20','2025-04-06 13:14:20'),(392,'20231002010102','GG102','202310020101','2023-2024-1','2025-04-06 13:14:20','已选','2025-04-06 13:14:20','2025-04-06 13:14:20'),(393,'20231002010103','GG102','202310020101','2023-2024-1','2025-04-06 13:14:20','已选','2025-04-06 13:14:20','2025-04-06 13:14:20'),(394,'20231002010104','GG102','202310020101','2023-2024-1','2025-04-06 13:14:20','已选','2025-04-06 13:14:20','2025-04-06 13:14:20'),(395,'20231002010105','GG102','202310020101','2023-2024-1','2025-04-06 13:14:20','已选','2025-04-06 13:14:20','2025-04-06 13:14:20'),(396,'20231002010106','GG102','202310020101','2023-2024-1','2025-04-06 13:14:20','已选','2025-04-06 13:14:20','2025-04-06 13:14:20'),(397,'20231002010107','GG102','202310020101','2023-2024-1','2025-04-06 13:14:20','已选','2025-04-06 13:14:20','2025-04-06 13:14:20'),(398,'20231002010108','GG102','202310020101','2023-2024-1','2025-04-06 13:14:20','已选','2025-04-06 13:14:20','2025-04-06 13:14:20'),(399,'20231002010109','GG102','202310020101','2023-2024-1','2025-04-06 13:14:20','已选','2025-04-06 13:14:20','2025-04-06 13:14:20'),(400,'20231002010110','GG102','202310020101','2023-2024-1','2025-04-06 13:14:20','已选','2025-04-06 13:14:20','2025-04-06 13:14:20'),(401,'20231002010111','GG102','202310020101','2023-2024-1','2025-04-06 13:14:20','已选','2025-04-06 13:14:20','2025-04-06 13:14:20'),(402,'20231002010112','GG102','202310020101','2023-2024-1','2025-04-06 13:14:20','已选','2025-04-06 13:14:20','2025-04-06 13:14:20'),(403,'20231002010113','GG102','202310020101','2023-2024-1','2025-04-06 13:14:20','已选','2025-04-06 13:14:20','2025-04-06 13:14:20'),(404,'20231002010114','GG102','202310020101','2023-2024-1','2025-04-06 13:14:20','已选','2025-04-06 13:14:20','2025-04-06 13:14:20'),(405,'20231002010115','GG102','202310020101','2023-2024-1','2025-04-06 13:14:20','已选','2025-04-06 13:14:20','2025-04-06 13:14:20'),(406,'20231002010116','GG102','202310020101','2023-2024-1','2025-04-06 13:14:20','已选','2025-04-06 13:14:20','2025-04-06 13:14:20'),(407,'20231002010117','GG102','202310020101','2023-2024-1','2025-04-06 13:14:20','已选','2025-04-06 13:14:20','2025-04-06 13:14:20'),(408,'20231002010118','GG102','202310020101','2023-2024-1','2025-04-06 13:14:20','已选','2025-04-06 13:14:20','2025-04-06 13:14:20'),(409,'20231002010119','GG102','202310020101','2023-2024-1','2025-04-06 13:14:20','已选','2025-04-06 13:14:20','2025-04-06 13:14:20'),(410,'20231002010120','GG102','202310020101','2023-2024-1','2025-04-06 13:14:20','已选','2025-04-06 13:14:20','2025-04-06 13:14:20'),(411,'20231002010121','GG102','202310020101','2023-2024-1','2025-04-06 13:14:20','已选','2025-04-06 13:14:20','2025-04-06 13:14:20'),(412,'20231002010122','GG102','202310020101','2023-2024-1','2025-04-06 13:14:20','已选','2025-04-06 13:14:20','2025-04-06 13:14:20'),(413,'20231002010123','GG102','202310020101','2023-2024-1','2025-04-06 13:14:20','已选','2025-04-06 13:14:20','2025-04-06 13:14:20'),(414,'20231002010124','GG102','202310020101','2023-2024-1','2025-04-06 13:14:20','已选','2025-04-06 13:14:20','2025-04-06 13:14:20'),(415,'20231002010125','GG102','202310020101','2023-2024-1','2025-04-06 13:14:20','已选','2025-04-06 13:14:20','2025-04-06 13:14:20'),(416,'20231002010126','GG102','202310020101','2023-2024-1','2025-04-06 13:14:20','已选','2025-04-06 13:14:20','2025-04-06 13:14:20'),(417,'20231002010127','GG102','202310020101','2023-2024-1','2025-04-06 13:14:20','已选','2025-04-06 13:14:20','2025-04-06 13:14:20'),(418,'20231002010128','GG102','202310020101','2023-2024-1','2025-04-06 13:14:20','已选','2025-04-06 13:14:20','2025-04-06 13:14:20'),(419,'20231002010129','GG102','202310020101','2023-2024-1','2025-04-06 13:14:20','已选','2025-04-06 13:14:20','2025-04-06 13:14:20'),(420,'20231002010130','GG102','202310020101','2023-2024-1','2025-04-06 13:14:20','已选','2025-04-06 13:14:20','2025-04-06 13:14:20'),(421,'20231003010101','GG102','202310030101','2023-2024-1','2025-04-06 13:14:20','已选','2025-04-06 13:14:20','2025-04-06 13:14:20'),(422,'20231003010102','GG102','202310030101','2023-2024-1','2025-04-06 13:14:20','已选','2025-04-06 13:14:20','2025-04-06 13:14:20'),(423,'20231003010103','GG102','202310030101','2023-2024-1','2025-04-06 13:14:20','已选','2025-04-06 13:14:20','2025-04-06 13:14:20'),(424,'20231003010104','GG102','202310030101','2023-2024-1','2025-04-06 13:14:20','已选','2025-04-06 13:14:20','2025-04-06 13:14:20'),(425,'20231003010105','GG102','202310030101','2023-2024-1','2025-04-06 13:14:20','已选','2025-04-06 13:14:20','2025-04-06 13:14:20'),(426,'20231003010106','GG102','202310030101','2023-2024-1','2025-04-06 13:14:20','已选','2025-04-06 13:14:20','2025-04-06 13:14:20'),(427,'20231003010107','GG102','202310030101','2023-2024-1','2025-04-06 13:14:20','已选','2025-04-06 13:14:20','2025-04-06 13:14:20'),(428,'20231003010108','GG102','202310030101','2023-2024-1','2025-04-06 13:14:20','已选','2025-04-06 13:14:20','2025-04-06 13:14:20'),(429,'20231003010109','GG102','202310030101','2023-2024-1','2025-04-06 13:14:20','已选','2025-04-06 13:14:20','2025-04-06 13:14:20'),(430,'20231003010110','GG102','202310030101','2023-2024-1','2025-04-06 13:14:20','已选','2025-04-06 13:14:20','2025-04-06 13:14:20'),(431,'20231003010111','GG102','202310030101','2023-2024-1','2025-04-06 13:14:20','已选','2025-04-06 13:14:20','2025-04-06 13:14:20'),(432,'20231003010112','GG102','202310030101','2023-2024-1','2025-04-06 13:14:20','已选','2025-04-06 13:14:20','2025-04-06 13:14:20'),(433,'20231003010113','GG102','202310030101','2023-2024-1','2025-04-06 13:14:20','已选','2025-04-06 13:14:20','2025-04-06 13:14:20'),(434,'20231003010114','GG102','202310030101','2023-2024-1','2025-04-06 13:14:20','已选','2025-04-06 13:14:20','2025-04-06 13:14:20'),(435,'20231003010115','GG102','202310030101','2023-2024-1','2025-04-06 13:14:20','已选','2025-04-06 13:14:20','2025-04-06 13:14:20'),(436,'20231003010116','GG102','202310030101','2023-2024-1','2025-04-06 13:14:20','已选','2025-04-06 13:14:20','2025-04-06 13:14:20'),(437,'20231003010117','GG102','202310030101','2023-2024-1','2025-04-06 13:14:20','已选','2025-04-06 13:14:20','2025-04-06 13:14:20'),(438,'20231003010118','GG102','202310030101','2023-2024-1','2025-04-06 13:14:20','已选','2025-04-06 13:14:20','2025-04-06 13:14:20'),(439,'20231003010119','GG102','202310030101','2023-2024-1','2025-04-06 13:14:20','已选','2025-04-06 13:14:20','2025-04-06 13:14:20'),(440,'20231003010120','GG102','202310030101','2023-2024-1','2025-04-06 13:14:20','已选','2025-04-06 13:14:20','2025-04-06 13:14:20'),(441,'20231003010121','GG102','202310030101','2023-2024-1','2025-04-06 13:14:20','已选','2025-04-06 13:14:20','2025-04-06 13:14:20'),(442,'20231003010122','GG102','202310030101','2023-2024-1','2025-04-06 13:14:20','已选','2025-04-06 13:14:20','2025-04-06 13:14:20'),(443,'20231003010123','GG102','202310030101','2023-2024-1','2025-04-06 13:14:20','已选','2025-04-06 13:14:20','2025-04-06 13:14:20'),(444,'20231003010124','GG102','202310030101','2023-2024-1','2025-04-06 13:14:20','已选','2025-04-06 13:14:20','2025-04-06 13:14:20'),(445,'20231003010125','GG102','202310030101','2023-2024-1','2025-04-06 13:14:20','已选','2025-04-06 13:14:20','2025-04-06 13:14:20'),(446,'20231003010126','GG102','202310030101','2023-2024-1','2025-04-06 13:14:20','已选','2025-04-06 13:14:20','2025-04-06 13:14:20'),(447,'20231003010127','GG102','202310030101','2023-2024-1','2025-04-06 13:14:20','已选','2025-04-06 13:14:20','2025-04-06 13:14:20'),(448,'20231003010128','GG102','202310030101','2023-2024-1','2025-04-06 13:14:20','已选','2025-04-06 13:14:20','2025-04-06 13:14:20'),(449,'20231003010129','GG102','202310030101','2023-2024-1','2025-04-06 13:14:20','已选','2025-04-06 13:14:20','2025-04-06 13:14:20'),(450,'20231003010130','GG102','202310030101','2023-2024-1','2025-04-06 13:14:20','已选','2025-04-06 13:14:20','2025-04-06 13:14:20'),(451,'20231001010101','GG103','202310010101','2023-2024-1','2025-04-06 13:14:20','已选','2025-04-06 13:14:20','2025-04-06 13:14:20'),(452,'20231001010102','GG103','202310010101','2023-2024-1','2025-04-06 13:14:20','已选','2025-04-06 13:14:20','2025-04-06 13:14:20'),(453,'20231001010103','GG103','202310010101','2023-2024-1','2025-04-06 13:14:20','已选','2025-04-06 13:14:20','2025-04-06 13:14:20'),(454,'20231001010104','GG103','202310010101','2023-2024-1','2025-04-06 13:14:20','已选','2025-04-06 13:14:20','2025-04-06 13:14:20'),(455,'20231001010105','GG103','202310010101','2023-2024-1','2025-04-06 13:14:20','已选','2025-04-06 13:14:20','2025-04-06 13:14:20'),(456,'20231001010106','GG103','202310010101','2023-2024-1','2025-04-06 13:14:20','已选','2025-04-06 13:14:20','2025-04-06 13:14:20'),(457,'20231001010107','GG103','202310010101','2023-2024-1','2025-04-06 13:14:20','已选','2025-04-06 13:14:20','2025-04-06 13:14:20'),(458,'20231001010108','GG103','202310010101','2023-2024-1','2025-04-06 13:14:20','已选','2025-04-06 13:14:20','2025-04-06 13:14:20'),(459,'20231001010109','GG103','202310010101','2023-2024-1','2025-04-06 13:14:20','已选','2025-04-06 13:14:20','2025-04-06 13:14:20'),(460,'20231001010110','GG103','202310010101','2023-2024-1','2025-04-06 13:14:20','已选','2025-04-06 13:14:20','2025-04-06 13:14:20'),(461,'20231001010111','GG103','202310010101','2023-2024-1','2025-04-06 13:14:20','已选','2025-04-06 13:14:20','2025-04-06 13:14:20'),(462,'20231001010112','GG103','202310010101','2023-2024-1','2025-04-06 13:14:20','已选','2025-04-06 13:14:20','2025-04-06 13:14:20'),(463,'20231001010113','GG103','202310010101','2023-2024-1','2025-04-06 13:14:20','已选','2025-04-06 13:14:20','2025-04-06 13:14:20'),(464,'20231001010114','GG103','202310010101','2023-2024-1','2025-04-06 13:14:20','已选','2025-04-06 13:14:20','2025-04-06 13:14:20'),(465,'20231001010115','GG103','202310010101','2023-2024-1','2025-04-06 13:14:20','已选','2025-04-06 13:14:20','2025-04-06 13:14:20'),(466,'20231001010116','GG103','202310010101','2023-2024-1','2025-04-06 13:14:20','已选','2025-04-06 13:14:20','2025-04-06 13:14:20'),(467,'20231001010117','GG103','202310010101','2023-2024-1','2025-04-06 13:14:20','已选','2025-04-06 13:14:20','2025-04-06 13:14:20'),(468,'20231001010118','GG103','202310010101','2023-2024-1','2025-04-06 13:14:20','已选','2025-04-06 13:14:20','2025-04-06 13:14:20'),(469,'20231001010119','GG103','202310010101','2023-2024-1','2025-04-06 13:14:20','已选','2025-04-06 13:14:20','2025-04-06 13:14:20'),(470,'20231001010120','GG103','202310010101','2023-2024-1','2025-04-06 13:14:20','已选','2025-04-06 13:14:20','2025-04-06 13:14:20'),(471,'20231001010121','GG103','202310010101','2023-2024-1','2025-04-06 13:14:20','已选','2025-04-06 13:14:20','2025-04-06 13:14:20'),(472,'20231001010122','GG103','202310010101','2023-2024-1','2025-04-06 13:14:20','已选','2025-04-06 13:14:20','2025-04-06 13:14:20'),(473,'20231001010123','GG103','202310010101','2023-2024-1','2025-04-06 13:14:20','已选','2025-04-06 13:14:20','2025-04-06 13:14:20'),(474,'20231001010124','GG103','202310010101','2023-2024-1','2025-04-06 13:14:20','已选','2025-04-06 13:14:20','2025-04-06 13:14:20'),(475,'20231001010125','GG103','202310010101','2023-2024-1','2025-04-06 13:14:20','已选','2025-04-06 13:14:20','2025-04-06 13:14:20'),(476,'20231001010126','GG103','202310010101','2023-2024-1','2025-04-06 13:14:20','已选','2025-04-06 13:14:20','2025-04-06 13:14:20'),(477,'20231001010127','GG103','202310010101','2023-2024-1','2025-04-06 13:14:20','已选','2025-04-06 13:14:20','2025-04-06 13:14:20'),(478,'20231001010128','GG103','202310010101','2023-2024-1','2025-04-06 13:14:20','已选','2025-04-06 13:14:20','2025-04-06 13:14:20'),(479,'20231001010129','GG103','202310010101','2023-2024-1','2025-04-06 13:14:20','已选','2025-04-06 13:14:20','2025-04-06 13:14:20'),(480,'20231001010130','GG103','202310010101','2023-2024-1','2025-04-06 13:14:20','已选','2025-04-06 13:14:20','2025-04-06 13:14:20'),(481,'20231001020101','GG103','202310010201','2023-2024-1','2025-04-06 13:14:20','已选','2025-04-06 13:14:20','2025-04-06 13:14:20'),(482,'20231001020102','GG103','202310010201','2023-2024-1','2025-04-06 13:14:20','已选','2025-04-06 13:14:20','2025-04-06 13:14:20'),(483,'20231001020103','GG103','202310010201','2023-2024-1','2025-04-06 13:14:20','已选','2025-04-06 13:14:20','2025-04-06 13:14:20'),(484,'20231001020104','GG103','202310010201','2023-2024-1','2025-04-06 13:14:20','已选','2025-04-06 13:14:20','2025-04-06 13:14:20'),(485,'20231001020105','GG103','202310010201','2023-2024-1','2025-04-06 13:14:20','已选','2025-04-06 13:14:20','2025-04-06 13:14:20'),(486,'20231001020106','GG103','202310010201','2023-2024-1','2025-04-06 13:14:20','已选','2025-04-06 13:14:20','2025-04-06 13:14:20'),(487,'20231001020107','GG103','202310010201','2023-2024-1','2025-04-06 13:14:20','已选','2025-04-06 13:14:20','2025-04-06 13:14:20'),(488,'20231001020108','GG103','202310010201','2023-2024-1','2025-04-06 13:14:20','已选','2025-04-06 13:14:20','2025-04-06 13:14:20'),(489,'20231001020109','GG103','202310010201','2023-2024-1','2025-04-06 13:14:20','已选','2025-04-06 13:14:20','2025-04-06 13:14:20'),(490,'20231001020110','GG103','202310010201','2023-2024-1','2025-04-06 13:14:20','已选','2025-04-06 13:14:20','2025-04-06 13:14:20'),(491,'20231001020111','GG103','202310010201','2023-2024-1','2025-04-06 13:14:20','已选','2025-04-06 13:14:20','2025-04-06 13:14:20'),(492,'20231001020112','GG103','202310010201','2023-2024-1','2025-04-06 13:14:20','已选','2025-04-06 13:14:20','2025-04-06 13:14:20'),(493,'20231001020113','GG103','202310010201','2023-2024-1','2025-04-06 13:14:20','已选','2025-04-06 13:14:20','2025-04-06 13:14:20'),(494,'20231001020114','GG103','202310010201','2023-2024-1','2025-04-06 13:14:20','已选','2025-04-06 13:14:20','2025-04-06 13:14:20'),(495,'20231001020115','GG103','202310010201','2023-2024-1','2025-04-06 13:14:20','已选','2025-04-06 13:14:20','2025-04-06 13:14:20'),(496,'20231001020116','GG103','202310010201','2023-2024-1','2025-04-06 13:14:20','已选','2025-04-06 13:14:20','2025-04-06 13:14:20'),(497,'20231001020117','GG103','202310010201','2023-2024-1','2025-04-06 13:14:20','已选','2025-04-06 13:14:20','2025-04-06 13:14:20'),(498,'20231001020118','GG103','202310010201','2023-2024-1','2025-04-06 13:14:20','已选','2025-04-06 13:14:20','2025-04-06 13:14:20'),(499,'20231001020119','GG103','202310010201','2023-2024-1','2025-04-06 13:14:20','已选','2025-04-06 13:14:20','2025-04-06 13:14:20'),(500,'20231001020120','GG103','202310010201','2023-2024-1','2025-04-06 13:14:20','已选','2025-04-06 13:14:20','2025-04-06 13:14:20'),(501,'20231001020121','GG103','202310010201','2023-2024-1','2025-04-06 13:14:20','已选','2025-04-06 13:14:20','2025-04-06 13:14:20'),(502,'20231001020122','GG103','202310010201','2023-2024-1','2025-04-06 13:14:20','已选','2025-04-06 13:14:20','2025-04-06 13:14:20'),(503,'20231001020123','GG103','202310010201','2023-2024-1','2025-04-06 13:14:20','已选','2025-04-06 13:14:20','2025-04-06 13:14:20'),(504,'20231001020124','GG103','202310010201','2023-2024-1','2025-04-06 13:14:20','已选','2025-04-06 13:14:20','2025-04-06 13:14:20'),(505,'20231001020125','GG103','202310010201','2023-2024-1','2025-04-06 13:14:20','已选','2025-04-06 13:14:20','2025-04-06 13:14:20'),(506,'20231001020126','GG103','202310010201','2023-2024-1','2025-04-06 13:14:20','已选','2025-04-06 13:14:20','2025-04-06 13:14:20'),(507,'20231001020127','GG103','202310010201','2023-2024-1','2025-04-06 13:14:20','已选','2025-04-06 13:14:20','2025-04-06 13:14:20'),(508,'20231001020128','GG103','202310010201','2023-2024-1','2025-04-06 13:14:20','已选','2025-04-06 13:14:20','2025-04-06 13:14:20'),(509,'20231001020129','GG103','202310010201','2023-2024-1','2025-04-06 13:14:20','已选','2025-04-06 13:14:20','2025-04-06 13:14:20'),(510,'20231001020130','GG103','202310010201','2023-2024-1','2025-04-06 13:14:20','已选','2025-04-06 13:14:20','2025-04-06 13:14:20'),(511,'20231002010101','GG103','202310020101','2023-2024-1','2025-04-06 13:14:20','已选','2025-04-06 13:14:20','2025-04-06 13:14:20'),(512,'20231002010102','GG103','202310020101','2023-2024-1','2025-04-06 13:14:20','已选','2025-04-06 13:14:20','2025-04-06 13:14:20'),(513,'20231002010103','GG103','202310020101','2023-2024-1','2025-04-06 13:14:20','已选','2025-04-06 13:14:20','2025-04-06 13:14:20'),(514,'20231002010104','GG103','202310020101','2023-2024-1','2025-04-06 13:14:20','已选','2025-04-06 13:14:20','2025-04-06 13:14:20'),(515,'20231002010105','GG103','202310020101','2023-2024-1','2025-04-06 13:14:20','已选','2025-04-06 13:14:20','2025-04-06 13:14:20'),(516,'20231002010106','GG103','202310020101','2023-2024-1','2025-04-06 13:14:20','已选','2025-04-06 13:14:20','2025-04-06 13:14:20'),(517,'20231002010107','GG103','202310020101','2023-2024-1','2025-04-06 13:14:20','已选','2025-04-06 13:14:20','2025-04-06 13:14:20'),(518,'20231002010108','GG103','202310020101','2023-2024-1','2025-04-06 13:14:20','已选','2025-04-06 13:14:20','2025-04-06 13:14:20'),(519,'20231002010109','GG103','202310020101','2023-2024-1','2025-04-06 13:14:20','已选','2025-04-06 13:14:20','2025-04-06 13:14:20'),(520,'20231002010110','GG103','202310020101','2023-2024-1','2025-04-06 13:14:20','已选','2025-04-06 13:14:20','2025-04-06 13:14:20'),(521,'20231002010111','GG103','202310020101','2023-2024-1','2025-04-06 13:14:20','已选','2025-04-06 13:14:20','2025-04-06 13:14:20'),(522,'20231002010112','GG103','202310020101','2023-2024-1','2025-04-06 13:14:20','已选','2025-04-06 13:14:20','2025-04-06 13:14:20'),(523,'20231002010113','GG103','202310020101','2023-2024-1','2025-04-06 13:14:20','已选','2025-04-06 13:14:20','2025-04-06 13:14:20'),(524,'20231002010114','GG103','202310020101','2023-2024-1','2025-04-06 13:14:20','已选','2025-04-06 13:14:20','2025-04-06 13:14:20'),(525,'20231002010115','GG103','202310020101','2023-2024-1','2025-04-06 13:14:20','已选','2025-04-06 13:14:20','2025-04-06 13:14:20'),(526,'20231002010116','GG103','202310020101','2023-2024-1','2025-04-06 13:14:20','已选','2025-04-06 13:14:20','2025-04-06 13:14:20'),(527,'20231002010117','GG103','202310020101','2023-2024-1','2025-04-06 13:14:20','已选','2025-04-06 13:14:20','2025-04-06 13:14:20'),(528,'20231002010118','GG103','202310020101','2023-2024-1','2025-04-06 13:14:20','已选','2025-04-06 13:14:20','2025-04-06 13:14:20'),(529,'20231002010119','GG103','202310020101','2023-2024-1','2025-04-06 13:14:20','已选','2025-04-06 13:14:20','2025-04-06 13:14:20'),(530,'20231002010120','GG103','202310020101','2023-2024-1','2025-04-06 13:14:20','已选','2025-04-06 13:14:20','2025-04-06 13:14:20'),(531,'20231002010121','GG103','202310020101','2023-2024-1','2025-04-06 13:14:20','已选','2025-04-06 13:14:20','2025-04-06 13:14:20'),(532,'20231002010122','GG103','202310020101','2023-2024-1','2025-04-06 13:14:20','已选','2025-04-06 13:14:20','2025-04-06 13:14:20'),(533,'20231002010123','GG103','202310020101','2023-2024-1','2025-04-06 13:14:20','已选','2025-04-06 13:14:20','2025-04-06 13:14:20'),(534,'20231002010124','GG103','202310020101','2023-2024-1','2025-04-06 13:14:20','已选','2025-04-06 13:14:20','2025-04-06 13:14:20'),(535,'20231002010125','GG103','202310020101','2023-2024-1','2025-04-06 13:14:20','已选','2025-04-06 13:14:20','2025-04-06 13:14:20'),(536,'20231002010126','GG103','202310020101','2023-2024-1','2025-04-06 13:14:20','已选','2025-04-06 13:14:20','2025-04-06 13:14:20'),(537,'20231002010127','GG103','202310020101','2023-2024-1','2025-04-06 13:14:20','已选','2025-04-06 13:14:20','2025-04-06 13:14:20'),(538,'20231002010128','GG103','202310020101','2023-2024-1','2025-04-06 13:14:20','已选','2025-04-06 13:14:20','2025-04-06 13:14:20'),(539,'20231002010129','GG103','202310020101','2023-2024-1','2025-04-06 13:14:20','已选','2025-04-06 13:14:20','2025-04-06 13:14:20'),(540,'20231002010130','GG103','202310020101','2023-2024-1','2025-04-06 13:14:20','已选','2025-04-06 13:14:20','2025-04-06 13:14:20'),(541,'20231003010101','GG103','202310030101','2023-2024-1','2025-04-06 13:14:20','已选','2025-04-06 13:14:20','2025-04-06 13:14:20'),(542,'20231003010102','GG103','202310030101','2023-2024-1','2025-04-06 13:14:20','已选','2025-04-06 13:14:20','2025-04-06 13:14:20'),(543,'20231003010103','GG103','202310030101','2023-2024-1','2025-04-06 13:14:20','已选','2025-04-06 13:14:20','2025-04-06 13:14:20'),(544,'20231003010104','GG103','202310030101','2023-2024-1','2025-04-06 13:14:20','已选','2025-04-06 13:14:20','2025-04-06 13:14:20'),(545,'20231003010105','GG103','202310030101','2023-2024-1','2025-04-06 13:14:20','已选','2025-04-06 13:14:20','2025-04-06 13:14:20'),(546,'20231003010106','GG103','202310030101','2023-2024-1','2025-04-06 13:14:20','已选','2025-04-06 13:14:20','2025-04-06 13:14:20'),(547,'20231003010107','GG103','202310030101','2023-2024-1','2025-04-06 13:14:20','已选','2025-04-06 13:14:20','2025-04-06 13:14:20'),(548,'20231003010108','GG103','202310030101','2023-2024-1','2025-04-06 13:14:20','已选','2025-04-06 13:14:20','2025-04-06 13:14:20'),(549,'20231003010109','GG103','202310030101','2023-2024-1','2025-04-06 13:14:20','已选','2025-04-06 13:14:20','2025-04-06 13:14:20'),(550,'20231003010110','GG103','202310030101','2023-2024-1','2025-04-06 13:14:20','已选','2025-04-06 13:14:20','2025-04-06 13:14:20'),(551,'20231003010111','GG103','202310030101','2023-2024-1','2025-04-06 13:14:20','已选','2025-04-06 13:14:20','2025-04-06 13:14:20'),(552,'20231003010112','GG103','202310030101','2023-2024-1','2025-04-06 13:14:20','已选','2025-04-06 13:14:20','2025-04-06 13:14:20'),(553,'20231003010113','GG103','202310030101','2023-2024-1','2025-04-06 13:14:20','已选','2025-04-06 13:14:20','2025-04-06 13:14:20'),(554,'20231003010114','GG103','202310030101','2023-2024-1','2025-04-06 13:14:20','已选','2025-04-06 13:14:20','2025-04-06 13:14:20'),(555,'20231003010115','GG103','202310030101','2023-2024-1','2025-04-06 13:14:20','已选','2025-04-06 13:14:20','2025-04-06 13:14:20'),(556,'20231003010116','GG103','202310030101','2023-2024-1','2025-04-06 13:14:20','已选','2025-04-06 13:14:20','2025-04-06 13:14:20'),(557,'20231003010117','GG103','202310030101','2023-2024-1','2025-04-06 13:14:20','已选','2025-04-06 13:14:20','2025-04-06 13:14:20'),(558,'20231003010118','GG103','202310030101','2023-2024-1','2025-04-06 13:14:20','已选','2025-04-06 13:14:20','2025-04-06 13:14:20'),(559,'20231003010119','GG103','202310030101','2023-2024-1','2025-04-06 13:14:20','已选','2025-04-06 13:14:20','2025-04-06 13:14:20'),(560,'20231003010120','GG103','202310030101','2023-2024-1','2025-04-06 13:14:20','已选','2025-04-06 13:14:20','2025-04-06 13:14:20'),(561,'20231003010121','GG103','202310030101','2023-2024-1','2025-04-06 13:14:20','已选','2025-04-06 13:14:20','2025-04-06 13:14:20'),(562,'20231003010122','GG103','202310030101','2023-2024-1','2025-04-06 13:14:20','已选','2025-04-06 13:14:20','2025-04-06 13:14:20'),(563,'20231003010123','GG103','202310030101','2023-2024-1','2025-04-06 13:14:20','已选','2025-04-06 13:14:20','2025-04-06 13:14:20'),(564,'20231003010124','GG103','202310030101','2023-2024-1','2025-04-06 13:14:20','已选','2025-04-06 13:14:20','2025-04-06 13:14:20'),(565,'20231003010125','GG103','202310030101','2023-2024-1','2025-04-06 13:14:20','已选','2025-04-06 13:14:20','2025-04-06 13:14:20'),(566,'20231003010126','GG103','202310030101','2023-2024-1','2025-04-06 13:14:20','已选','2025-04-06 13:14:20','2025-04-06 13:14:20'),(567,'20231003010127','GG103','202310030101','2023-2024-1','2025-04-06 13:14:20','已选','2025-04-06 13:14:20','2025-04-06 13:14:20'),(568,'20231003010128','GG103','202310030101','2023-2024-1','2025-04-06 13:14:20','已选','2025-04-06 13:14:20','2025-04-06 13:14:20'),(569,'20231003010129','GG103','202310030101','2023-2024-1','2025-04-06 13:14:20','已选','2025-04-06 13:14:20','2025-04-06 13:14:20'),(570,'20231003010130','GG103','202310030101','2023-2024-1','2025-04-06 13:14:20','已选','2025-04-06 13:14:20','2025-04-06 13:14:20'),(571,'20231001010101','GG104','202310010101','2023-2024-1','2025-04-06 13:14:20','已选','2025-04-06 13:14:20','2025-04-06 13:14:20'),(572,'20231001010102','GG104','202310010101','2023-2024-1','2025-04-06 13:14:20','已选','2025-04-06 13:14:20','2025-04-06 13:14:20'),(573,'20231001010103','GG104','202310010101','2023-2024-1','2025-04-06 13:14:20','已选','2025-04-06 13:14:20','2025-04-06 13:14:20'),(574,'20231001010104','GG104','202310010101','2023-2024-1','2025-04-06 13:14:20','已选','2025-04-06 13:14:20','2025-04-06 13:14:20'),(575,'20231001010105','GG104','202310010101','2023-2024-1','2025-04-06 13:14:20','已选','2025-04-06 13:14:20','2025-04-06 13:14:20'),(576,'20231001010106','GG104','202310010101','2023-2024-1','2025-04-06 13:14:20','已选','2025-04-06 13:14:20','2025-04-06 13:14:20'),(577,'20231001010107','GG104','202310010101','2023-2024-1','2025-04-06 13:14:20','已选','2025-04-06 13:14:20','2025-04-06 13:14:20'),(578,'20231001010108','GG104','202310010101','2023-2024-1','2025-04-06 13:14:20','已选','2025-04-06 13:14:20','2025-04-06 13:14:20'),(579,'20231001010109','GG104','202310010101','2023-2024-1','2025-04-06 13:14:20','已选','2025-04-06 13:14:20','2025-04-06 13:14:20'),(580,'20231001010110','GG104','202310010101','2023-2024-1','2025-04-06 13:14:20','已选','2025-04-06 13:14:20','2025-04-06 13:14:20'),(581,'20231001010111','GG104','202310010101','2023-2024-1','2025-04-06 13:14:20','已选','2025-04-06 13:14:20','2025-04-06 13:14:20'),(582,'20231001010112','GG104','202310010101','2023-2024-1','2025-04-06 13:14:20','已选','2025-04-06 13:14:20','2025-04-06 13:14:20'),(583,'20231001010113','GG104','202310010101','2023-2024-1','2025-04-06 13:14:20','已选','2025-04-06 13:14:20','2025-04-06 13:14:20'),(584,'20231001010114','GG104','202310010101','2023-2024-1','2025-04-06 13:14:20','已选','2025-04-06 13:14:20','2025-04-06 13:14:20'),(585,'20231001010115','GG104','202310010101','2023-2024-1','2025-04-06 13:14:20','已选','2025-04-06 13:14:20','2025-04-06 13:14:20'),(586,'20231001010116','GG104','202310010101','2023-2024-1','2025-04-06 13:14:20','已选','2025-04-06 13:14:20','2025-04-06 13:14:20'),(587,'20231001010117','GG104','202310010101','2023-2024-1','2025-04-06 13:14:20','已选','2025-04-06 13:14:20','2025-04-06 13:14:20'),(588,'20231001010118','GG104','202310010101','2023-2024-1','2025-04-06 13:14:20','已选','2025-04-06 13:14:20','2025-04-06 13:14:20'),(589,'20231001010119','GG104','202310010101','2023-2024-1','2025-04-06 13:14:20','已选','2025-04-06 13:14:20','2025-04-06 13:14:20'),(590,'20231001010120','GG104','202310010101','2023-2024-1','2025-04-06 13:14:20','已选','2025-04-06 13:14:20','2025-04-06 13:14:20'),(591,'20231001010121','GG104','202310010101','2023-2024-1','2025-04-06 13:14:20','已选','2025-04-06 13:14:20','2025-04-06 13:14:20'),(592,'20231001010122','GG104','202310010101','2023-2024-1','2025-04-06 13:14:20','已选','2025-04-06 13:14:20','2025-04-06 13:14:20'),(593,'20231001010123','GG104','202310010101','2023-2024-1','2025-04-06 13:14:20','已选','2025-04-06 13:14:20','2025-04-06 13:14:20'),(594,'20231001010124','GG104','202310010101','2023-2024-1','2025-04-06 13:14:20','已选','2025-04-06 13:14:20','2025-04-06 13:14:20'),(595,'20231001010125','GG104','202310010101','2023-2024-1','2025-04-06 13:14:20','已选','2025-04-06 13:14:20','2025-04-06 13:14:20'),(596,'20231001010126','GG104','202310010101','2023-2024-1','2025-04-06 13:14:20','已选','2025-04-06 13:14:20','2025-04-06 13:14:20'),(597,'20231001010127','GG104','202310010101','2023-2024-1','2025-04-06 13:14:20','已选','2025-04-06 13:14:20','2025-04-06 13:14:20'),(598,'20231001010128','GG104','202310010101','2023-2024-1','2025-04-06 13:14:20','已选','2025-04-06 13:14:20','2025-04-06 13:14:20'),(599,'20231001010129','GG104','202310010101','2023-2024-1','2025-04-06 13:14:20','已选','2025-04-06 13:14:20','2025-04-06 13:14:20'),(600,'20231001010130','GG104','202310010101','2023-2024-1','2025-04-06 13:14:20','已选','2025-04-06 13:14:20','2025-04-06 13:14:20'),(601,'20231001020101','GG104','202310010201','2023-2024-1','2025-04-06 13:14:20','已选','2025-04-06 13:14:20','2025-04-06 13:14:20'),(602,'20231001020102','GG104','202310010201','2023-2024-1','2025-04-06 13:14:20','已选','2025-04-06 13:14:20','2025-04-06 13:14:20'),(603,'20231001020103','GG104','202310010201','2023-2024-1','2025-04-06 13:14:20','已选','2025-04-06 13:14:20','2025-04-06 13:14:20'),(604,'20231001020104','GG104','202310010201','2023-2024-1','2025-04-06 13:14:20','已选','2025-04-06 13:14:20','2025-04-06 13:14:20'),(605,'20231001020105','GG104','202310010201','2023-2024-1','2025-04-06 13:14:20','已选','2025-04-06 13:14:20','2025-04-06 13:14:20'),(606,'20231001020106','GG104','202310010201','2023-2024-1','2025-04-06 13:14:20','已选','2025-04-06 13:14:20','2025-04-06 13:14:20'),(607,'20231001020107','GG104','202310010201','2023-2024-1','2025-04-06 13:14:20','已选','2025-04-06 13:14:20','2025-04-06 13:14:20'),(608,'20231001020108','GG104','202310010201','2023-2024-1','2025-04-06 13:14:20','已选','2025-04-06 13:14:20','2025-04-06 13:14:20'),(609,'20231001020109','GG104','202310010201','2023-2024-1','2025-04-06 13:14:20','已选','2025-04-06 13:14:20','2025-04-06 13:14:20'),(610,'20231001020110','GG104','202310010201','2023-2024-1','2025-04-06 13:14:20','已选','2025-04-06 13:14:20','2025-04-06 13:14:20'),(611,'20231001020111','GG104','202310010201','2023-2024-1','2025-04-06 13:14:20','已选','2025-04-06 13:14:20','2025-04-06 13:14:20'),(612,'20231001020112','GG104','202310010201','2023-2024-1','2025-04-06 13:14:20','已选','2025-04-06 13:14:20','2025-04-06 13:14:20'),(613,'20231001020113','GG104','202310010201','2023-2024-1','2025-04-06 13:14:20','已选','2025-04-06 13:14:20','2025-04-06 13:14:20'),(614,'20231001020114','GG104','202310010201','2023-2024-1','2025-04-06 13:14:20','已选','2025-04-06 13:14:20','2025-04-06 13:14:20'),(615,'20231001020115','GG104','202310010201','2023-2024-1','2025-04-06 13:14:20','已选','2025-04-06 13:14:20','2025-04-06 13:14:20'),(616,'20231001020116','GG104','202310010201','2023-2024-1','2025-04-06 13:14:20','已选','2025-04-06 13:14:20','2025-04-06 13:14:20'),(617,'20231001020117','GG104','202310010201','2023-2024-1','2025-04-06 13:14:20','已选','2025-04-06 13:14:20','2025-04-06 13:14:20'),(618,'20231001020118','GG104','202310010201','2023-2024-1','2025-04-06 13:14:20','已选','2025-04-06 13:14:20','2025-04-06 13:14:20'),(619,'20231001020119','GG104','202310010201','2023-2024-1','2025-04-06 13:14:20','已选','2025-04-06 13:14:20','2025-04-06 13:14:20'),(620,'20231001020120','GG104','202310010201','2023-2024-1','2025-04-06 13:14:20','已选','2025-04-06 13:14:20','2025-04-06 13:14:20'),(621,'20231001020121','GG104','202310010201','2023-2024-1','2025-04-06 13:14:20','已选','2025-04-06 13:14:20','2025-04-06 13:14:20'),(622,'20231001020122','GG104','202310010201','2023-2024-1','2025-04-06 13:14:20','已选','2025-04-06 13:14:20','2025-04-06 13:14:20'),(623,'20231001020123','GG104','202310010201','2023-2024-1','2025-04-06 13:14:20','已选','2025-04-06 13:14:20','2025-04-06 13:14:20'),(624,'20231001020124','GG104','202310010201','2023-2024-1','2025-04-06 13:14:20','已选','2025-04-06 13:14:20','2025-04-06 13:14:20'),(625,'20231001020125','GG104','202310010201','2023-2024-1','2025-04-06 13:14:20','已选','2025-04-06 13:14:20','2025-04-06 13:14:20'),(626,'20231001020126','GG104','202310010201','2023-2024-1','2025-04-06 13:14:20','已选','2025-04-06 13:14:20','2025-04-06 13:14:20'),(627,'20231001020127','GG104','202310010201','2023-2024-1','2025-04-06 13:14:20','已选','2025-04-06 13:14:20','2025-04-06 13:14:20'),(628,'20231001020128','GG104','202310010201','2023-2024-1','2025-04-06 13:14:20','已选','2025-04-06 13:14:20','2025-04-06 13:14:20'),(629,'20231001020129','GG104','202310010201','2023-2024-1','2025-04-06 13:14:20','已选','2025-04-06 13:14:20','2025-04-06 13:14:20'),(630,'20231001020130','GG104','202310010201','2023-2024-1','2025-04-06 13:14:20','已选','2025-04-06 13:14:20','2025-04-06 13:14:20'),(631,'20231002010101','GG104','202310020101','2023-2024-1','2025-04-06 13:14:20','已选','2025-04-06 13:14:20','2025-04-06 13:14:20'),(632,'20231002010102','GG104','202310020101','2023-2024-1','2025-04-06 13:14:20','已选','2025-04-06 13:14:20','2025-04-06 13:14:20'),(633,'20231002010103','GG104','202310020101','2023-2024-1','2025-04-06 13:14:20','已选','2025-04-06 13:14:20','2025-04-06 13:14:20'),(634,'20231002010104','GG104','202310020101','2023-2024-1','2025-04-06 13:14:20','已选','2025-04-06 13:14:20','2025-04-06 13:14:20'),(635,'20231002010105','GG104','202310020101','2023-2024-1','2025-04-06 13:14:20','已选','2025-04-06 13:14:20','2025-04-06 13:14:20'),(636,'20231002010106','GG104','202310020101','2023-2024-1','2025-04-06 13:14:20','已选','2025-04-06 13:14:20','2025-04-06 13:14:20'),(637,'20231002010107','GG104','202310020101','2023-2024-1','2025-04-06 13:14:20','已选','2025-04-06 13:14:20','2025-04-06 13:14:20'),(638,'20231002010108','GG104','202310020101','2023-2024-1','2025-04-06 13:14:20','已选','2025-04-06 13:14:20','2025-04-06 13:14:20'),(639,'20231002010109','GG104','202310020101','2023-2024-1','2025-04-06 13:14:20','已选','2025-04-06 13:14:20','2025-04-06 13:14:20'),(640,'20231002010110','GG104','202310020101','2023-2024-1','2025-04-06 13:14:20','已选','2025-04-06 13:14:20','2025-04-06 13:14:20'),(641,'20231002010111','GG104','202310020101','2023-2024-1','2025-04-06 13:14:20','已选','2025-04-06 13:14:20','2025-04-06 13:14:20'),(642,'20231002010112','GG104','202310020101','2023-2024-1','2025-04-06 13:14:20','已选','2025-04-06 13:14:20','2025-04-06 13:14:20'),(643,'20231002010113','GG104','202310020101','2023-2024-1','2025-04-06 13:14:20','已选','2025-04-06 13:14:20','2025-04-06 13:14:20'),(644,'20231002010114','GG104','202310020101','2023-2024-1','2025-04-06 13:14:20','已选','2025-04-06 13:14:20','2025-04-06 13:14:20'),(645,'20231002010115','GG104','202310020101','2023-2024-1','2025-04-06 13:14:20','已选','2025-04-06 13:14:20','2025-04-06 13:14:20'),(646,'20231002010116','GG104','202310020101','2023-2024-1','2025-04-06 13:14:20','已选','2025-04-06 13:14:20','2025-04-06 13:14:20'),(647,'20231002010117','GG104','202310020101','2023-2024-1','2025-04-06 13:14:20','已选','2025-04-06 13:14:20','2025-04-06 13:14:20'),(648,'20231002010118','GG104','202310020101','2023-2024-1','2025-04-06 13:14:20','已选','2025-04-06 13:14:20','2025-04-06 13:14:20'),(649,'20231002010119','GG104','202310020101','2023-2024-1','2025-04-06 13:14:20','已选','2025-04-06 13:14:20','2025-04-06 13:14:20'),(650,'20231002010120','GG104','202310020101','2023-2024-1','2025-04-06 13:14:20','已选','2025-04-06 13:14:20','2025-04-06 13:14:20'),(651,'20231002010121','GG104','202310020101','2023-2024-1','2025-04-06 13:14:20','已选','2025-04-06 13:14:20','2025-04-06 13:14:20'),(652,'20231002010122','GG104','202310020101','2023-2024-1','2025-04-06 13:14:20','已选','2025-04-06 13:14:20','2025-04-06 13:14:20'),(653,'20231002010123','GG104','202310020101','2023-2024-1','2025-04-06 13:14:20','已选','2025-04-06 13:14:20','2025-04-06 13:14:20'),(654,'20231002010124','GG104','202310020101','2023-2024-1','2025-04-06 13:14:20','已选','2025-04-06 13:14:20','2025-04-06 13:14:20'),(655,'20231002010125','GG104','202310020101','2023-2024-1','2025-04-06 13:14:20','已选','2025-04-06 13:14:20','2025-04-06 13:14:20'),(656,'20231002010126','GG104','202310020101','2023-2024-1','2025-04-06 13:14:20','已选','2025-04-06 13:14:20','2025-04-06 13:14:20'),(657,'20231002010127','GG104','202310020101','2023-2024-1','2025-04-06 13:14:20','已选','2025-04-06 13:14:20','2025-04-06 13:14:20'),(658,'20231002010128','GG104','202310020101','2023-2024-1','2025-04-06 13:14:20','已选','2025-04-06 13:14:20','2025-04-06 13:14:20'),(659,'20231002010129','GG104','202310020101','2023-2024-1','2025-04-06 13:14:20','已选','2025-04-06 13:14:20','2025-04-06 13:14:20'),(660,'20231002010130','GG104','202310020101','2023-2024-1','2025-04-06 13:14:20','已选','2025-04-06 13:14:20','2025-04-06 13:14:20'),(661,'20231003010101','GG104','202310030101','2023-2024-1','2025-04-06 13:14:20','已选','2025-04-06 13:14:20','2025-04-06 13:14:20'),(662,'20231003010102','GG104','202310030101','2023-2024-1','2025-04-06 13:14:20','已选','2025-04-06 13:14:20','2025-04-06 13:14:20'),(663,'20231003010103','GG104','202310030101','2023-2024-1','2025-04-06 13:14:20','已选','2025-04-06 13:14:20','2025-04-06 13:14:20'),(664,'20231003010104','GG104','202310030101','2023-2024-1','2025-04-06 13:14:20','已选','2025-04-06 13:14:20','2025-04-06 13:14:20'),(665,'20231003010105','GG104','202310030101','2023-2024-1','2025-04-06 13:14:20','已选','2025-04-06 13:14:20','2025-04-06 13:14:20'),(666,'20231003010106','GG104','202310030101','2023-2024-1','2025-04-06 13:14:20','已选','2025-04-06 13:14:20','2025-04-06 13:14:20'),(667,'20231003010107','GG104','202310030101','2023-2024-1','2025-04-06 13:14:20','已选','2025-04-06 13:14:20','2025-04-06 13:14:20'),(668,'20231003010108','GG104','202310030101','2023-2024-1','2025-04-06 13:14:20','已选','2025-04-06 13:14:20','2025-04-06 13:14:20'),(669,'20231003010109','GG104','202310030101','2023-2024-1','2025-04-06 13:14:20','已选','2025-04-06 13:14:20','2025-04-06 13:14:20'),(670,'20231003010110','GG104','202310030101','2023-2024-1','2025-04-06 13:14:20','已选','2025-04-06 13:14:20','2025-04-06 13:14:20'),(671,'20231003010111','GG104','202310030101','2023-2024-1','2025-04-06 13:14:20','已选','2025-04-06 13:14:20','2025-04-06 13:14:20'),(672,'20231003010112','GG104','202310030101','2023-2024-1','2025-04-06 13:14:20','已选','2025-04-06 13:14:20','2025-04-06 13:14:20'),(673,'20231003010113','GG104','202310030101','2023-2024-1','2025-04-06 13:14:20','已选','2025-04-06 13:14:20','2025-04-06 13:14:20'),(674,'20231003010114','GG104','202310030101','2023-2024-1','2025-04-06 13:14:20','已选','2025-04-06 13:14:20','2025-04-06 13:14:20'),(675,'20231003010115','GG104','202310030101','2023-2024-1','2025-04-06 13:14:20','已选','2025-04-06 13:14:20','2025-04-06 13:14:20'),(676,'20231003010116','GG104','202310030101','2023-2024-1','2025-04-06 13:14:20','已选','2025-04-06 13:14:20','2025-04-06 13:14:20'),(677,'20231003010117','GG104','202310030101','2023-2024-1','2025-04-06 13:14:20','已选','2025-04-06 13:14:20','2025-04-06 13:14:20'),(678,'20231003010118','GG104','202310030101','2023-2024-1','2025-04-06 13:14:20','已选','2025-04-06 13:14:20','2025-04-06 13:14:20'),(679,'20231003010119','GG104','202310030101','2023-2024-1','2025-04-06 13:14:20','已选','2025-04-06 13:14:20','2025-04-06 13:14:20'),(680,'20231003010120','GG104','202310030101','2023-2024-1','2025-04-06 13:14:20','已选','2025-04-06 13:14:20','2025-04-06 13:14:20'),(681,'20231003010121','GG104','202310030101','2023-2024-1','2025-04-06 13:14:20','已选','2025-04-06 13:14:20','2025-04-06 13:14:20'),(682,'20231003010122','GG104','202310030101','2023-2024-1','2025-04-06 13:14:20','已选','2025-04-06 13:14:20','2025-04-06 13:14:20'),(683,'20231003010123','GG104','202310030101','2023-2024-1','2025-04-06 13:14:20','已选','2025-04-06 13:14:20','2025-04-06 13:14:20'),(684,'20231003010124','GG104','202310030101','2023-2024-1','2025-04-06 13:14:20','已选','2025-04-06 13:14:20','2025-04-06 13:14:20'),(685,'20231003010125','GG104','202310030101','2023-2024-1','2025-04-06 13:14:20','已选','2025-04-06 13:14:20','2025-04-06 13:14:20'),(686,'20231003010126','GG104','202310030101','2023-2024-1','2025-04-06 13:14:20','已选','2025-04-06 13:14:20','2025-04-06 13:14:20'),(687,'20231003010127','GG104','202310030101','2023-2024-1','2025-04-06 13:14:20','已选','2025-04-06 13:14:20','2025-04-06 13:14:20'),(688,'20231003010128','GG104','202310030101','2023-2024-1','2025-04-06 13:14:20','已选','2025-04-06 13:14:20','2025-04-06 13:14:20'),(689,'20231003010129','GG104','202310030101','2023-2024-1','2025-04-06 13:14:20','已选','2025-04-06 13:14:20','2025-04-06 13:14:20'),(690,'20231003010130','GG104','202310030101','2023-2024-1','2025-04-06 13:14:20','已选','2025-04-06 13:14:20','2025-04-06 13:14:20'),(691,'20231003010101','ME101','202310030101','2023-2024-1','2025-04-06 13:14:20','已选','2025-04-06 13:14:20','2025-04-06 13:14:20'),(692,'20231003010102','ME101','202310030101','2023-2024-1','2025-04-06 13:14:20','已选','2025-04-06 13:14:20','2025-04-06 13:14:20'),(693,'20231003010103','ME101','202310030101','2023-2024-1','2025-04-06 13:14:20','已选','2025-04-06 13:14:20','2025-04-06 13:14:20'),(694,'20231003010104','ME101','202310030101','2023-2024-1','2025-04-06 13:14:20','已选','2025-04-06 13:14:20','2025-04-06 13:14:20'),(695,'20231003010105','ME101','202310030101','2023-2024-1','2025-04-06 13:14:20','已选','2025-04-06 13:14:20','2025-04-06 13:14:20'),(696,'20231003010106','ME101','202310030101','2023-2024-1','2025-04-06 13:14:20','已选','2025-04-06 13:14:20','2025-04-06 13:14:20'),(697,'20231003010107','ME101','202310030101','2023-2024-1','2025-04-06 13:14:20','已选','2025-04-06 13:14:20','2025-04-06 13:14:20'),(698,'20231003010108','ME101','202310030101','2023-2024-1','2025-04-06 13:14:20','已选','2025-04-06 13:14:20','2025-04-06 13:14:20'),(699,'20231003010109','ME101','202310030101','2023-2024-1','2025-04-06 13:14:20','已选','2025-04-06 13:14:20','2025-04-06 13:14:20'),(700,'20231003010110','ME101','202310030101','2023-2024-1','2025-04-06 13:14:20','已选','2025-04-06 13:14:20','2025-04-06 13:14:20'),(701,'20231003010111','ME101','202310030101','2023-2024-1','2025-04-06 13:14:20','已选','2025-04-06 13:14:20','2025-04-06 13:14:20'),(702,'20231003010112','ME101','202310030101','2023-2024-1','2025-04-06 13:14:20','已选','2025-04-06 13:14:20','2025-04-06 13:14:20'),(703,'20231003010113','ME101','202310030101','2023-2024-1','2025-04-06 13:14:20','已选','2025-04-06 13:14:20','2025-04-06 13:14:20'),(704,'20231003010114','ME101','202310030101','2023-2024-1','2025-04-06 13:14:20','已选','2025-04-06 13:14:20','2025-04-06 13:14:20'),(705,'20231003010115','ME101','202310030101','2023-2024-1','2025-04-06 13:14:20','已选','2025-04-06 13:14:20','2025-04-06 13:14:20'),(706,'20231003010116','ME101','202310030101','2023-2024-1','2025-04-06 13:14:20','已选','2025-04-06 13:14:20','2025-04-06 13:14:20'),(707,'20231003010117','ME101','202310030101','2023-2024-1','2025-04-06 13:14:20','已选','2025-04-06 13:14:20','2025-04-06 13:14:20'),(708,'20231003010118','ME101','202310030101','2023-2024-1','2025-04-06 13:14:20','已选','2025-04-06 13:14:20','2025-04-06 13:14:20'),(709,'20231003010119','ME101','202310030101','2023-2024-1','2025-04-06 13:14:20','已选','2025-04-06 13:14:20','2025-04-06 13:14:20'),(710,'20231003010120','ME101','202310030101','2023-2024-1','2025-04-06 13:14:20','已选','2025-04-06 13:14:20','2025-04-06 13:14:20'),(711,'20231003010121','ME101','202310030101','2023-2024-1','2025-04-06 13:14:20','已选','2025-04-06 13:14:20','2025-04-06 13:14:20'),(712,'20231003010122','ME101','202310030101','2023-2024-1','2025-04-06 13:14:20','已选','2025-04-06 13:14:20','2025-04-06 13:14:20'),(713,'20231003010123','ME101','202310030101','2023-2024-1','2025-04-06 13:14:20','已选','2025-04-06 13:14:20','2025-04-06 13:14:20'),(714,'20231003010124','ME101','202310030101','2023-2024-1','2025-04-06 13:14:20','已选','2025-04-06 13:14:20','2025-04-06 13:14:20'),(715,'20231003010125','ME101','202310030101','2023-2024-1','2025-04-06 13:14:20','已选','2025-04-06 13:14:20','2025-04-06 13:14:20'),(716,'20231003010126','ME101','202310030101','2023-2024-1','2025-04-06 13:14:20','已选','2025-04-06 13:14:20','2025-04-06 13:14:20'),(717,'20231003010127','ME101','202310030101','2023-2024-1','2025-04-06 13:14:20','已选','2025-04-06 13:14:20','2025-04-06 13:14:20'),(718,'20231003010128','ME101','202310030101','2023-2024-1','2025-04-06 13:14:20','已选','2025-04-06 13:14:20','2025-04-06 13:14:20'),(719,'20231003010129','ME101','202310030101','2023-2024-1','2025-04-06 13:14:20','已选','2025-04-06 13:14:20','2025-04-06 13:14:20'),(720,'20231003010130','ME101','202310030101','2023-2024-1','2025-04-06 13:14:20','已选','2025-04-06 13:14:20','2025-04-06 13:14:20');
/*!40000 ALTER TABLE `course_selections` ENABLE KEYS */;
UNLOCK TABLES;
/*!50003 SET @saved_cs_client      = @@character_set_client */ ;
/*!50003 SET @saved_cs_results     = @@character_set_results */ ;
/*!50003 SET @saved_col_connection = @@collation_connection */ ;
/*!50003 SET character_set_client  = utf8mb4 */ ;
/*!50003 SET character_set_results = utf8mb4 */ ;
/*!50003 SET collation_connection  = utf8mb4_0900_ai_ci */ ;
/*!50003 SET @saved_sql_mode       = @@sql_mode */ ;
/*!50003 SET sql_mode              = 'ONLY_FULL_GROUP_BY,STRICT_TRANS_TABLES,NO_ZERO_IN_DATE,NO_ZERO_DATE,ERROR_FOR_DIVISION_BY_ZERO,NO_ENGINE_SUBSTITUTION' */ ;
DELIMITER ;;
/*!50003 CREATE*/ /*!50017 DEFINER=`root`@`localhost`*/ /*!50003 TRIGGER `after_course_selection_change` AFTER INSERT ON `course_selections` FOR EACH ROW BEGIN
    INSERT INTO course_selection_stats (semester, course_id, total_selections, successful_selections)
    VALUES (NEW.semester, NEW.course_id, 1, IF(NEW.status = '已选', 1, 0))
    ON DUPLICATE KEY UPDATE
        total_selections = total_selections + 1,
        successful_selections = successful_selections + IF(NEW.status = '已选', 1, 0);
END */;;
DELIMITER ;
/*!50003 SET sql_mode              = @saved_sql_mode */ ;
/*!50003 SET character_set_client  = @saved_cs_client */ ;
/*!50003 SET character_set_results = @saved_cs_results */ ;
/*!50003 SET collation_connection  = @saved_col_connection */ ;

--
-- Table structure for table `course_selections_archive`
--

DROP TABLE IF EXISTS `course_selections_archive`;
/*!40101 SET @saved_cs_client     = @@character_set_client */;
/*!50503 SET character_set_client = utf8mb4 */;
CREATE TABLE `course_selections_archive` (
  `id` bigint NOT NULL AUTO_INCREMENT COMMENT '主键ID',
  `student_id` varchar(20) NOT NULL COMMENT '学生ID',
  `course_id` varchar(20) NOT NULL COMMENT '课程ID',
  `semester` varchar(20) NOT NULL COMMENT '学期',
  `selection_time` datetime NOT NULL COMMENT '选课时间',
  `status` enum('SELECTED','DROPPED') NOT NULL COMMENT '选课状态',
  `score` decimal(5,2) DEFAULT NULL COMMENT '课程成绩',
  `grade_point` decimal(3,2) DEFAULT NULL COMMENT '绩点',
  `archive_time` datetime DEFAULT CURRENT_TIMESTAMP COMMENT '归档时间',
  PRIMARY KEY (`id`),
  KEY `idx_student_semester` (`student_id`,`semester`),
  KEY `idx_course_semester` (`course_id`,`semester`)
) ENGINE=InnoDB DEFAULT CHARSET=utf8mb4 COLLATE=utf8mb4_0900_ai_ci COMMENT='课程选课归档表';
/*!40101 SET character_set_client = @saved_cs_client */;

--
-- Dumping data for table `course_selections_archive`
--

LOCK TABLES `course_selections_archive` WRITE;
/*!40000 ALTER TABLE `course_selections_archive` DISABLE KEYS */;
/*!40000 ALTER TABLE `course_selections_archive` ENABLE KEYS */;
UNLOCK TABLES;

--
-- Table structure for table `course_weeks`
--

DROP TABLE IF EXISTS `course_weeks`;
/*!40101 SET @saved_cs_client     = @@character_set_client */;
/*!50503 SET character_set_client = utf8mb4 */;
CREATE TABLE `course_weeks` (
  `id` bigint NOT NULL AUTO_INCREMENT,
  `course_id` varchar(20) NOT NULL COMMENT '课程编号',
  `week_number` int NOT NULL COMMENT '周次',
  `created_at` timestamp NOT NULL DEFAULT CURRENT_TIMESTAMP,
  PRIMARY KEY (`id`),
  UNIQUE KEY `uk_course_week` (`course_id`,`week_number`),
  KEY `idx_course` (`course_id`),
  CONSTRAINT `course_weeks_ibfk_1` FOREIGN KEY (`course_id`) REFERENCES `courses` (`id`) ON DELETE CASCADE
) ENGINE=InnoDB AUTO_INCREMENT=137 DEFAULT CHARSET=utf8mb4 COLLATE=utf8mb4_0900_ai_ci COMMENT='课程周次表';
/*!40101 SET character_set_client = @saved_cs_client */;

--
-- Dumping data for table `course_weeks`
--

LOCK TABLES `course_weeks` WRITE;
/*!40000 ALTER TABLE `course_weeks` DISABLE KEYS */;
INSERT INTO `course_weeks` VALUES (1,'GG104',1,'2025-04-06 13:16:52'),(2,'GG103',1,'2025-04-06 13:16:52'),(3,'GG102',1,'2025-04-06 13:16:52'),(4,'GG101',1,'2025-04-06 13:16:52'),(5,'ME101',1,'2025-04-06 13:16:52'),(6,'EE101',1,'2025-04-06 13:16:52'),(7,'CS103',1,'2025-04-06 13:16:52'),(10,'GG104',2,'2025-04-06 13:16:52'),(11,'GG103',2,'2025-04-06 13:16:52'),(12,'GG102',2,'2025-04-06 13:16:52'),(13,'GG101',2,'2025-04-06 13:16:52'),(14,'ME101',2,'2025-04-06 13:16:52'),(15,'EE101',2,'2025-04-06 13:16:52'),(18,'GG104',3,'2025-04-06 13:16:52'),(19,'GG103',3,'2025-04-06 13:16:52'),(20,'GG102',3,'2025-04-06 13:16:52'),(21,'GG101',3,'2025-04-06 13:16:52'),(22,'ME101',3,'2025-04-06 13:16:52'),(23,'EE101',3,'2025-04-06 13:16:52'),(24,'CS103',3,'2025-04-06 13:16:52'),(27,'GG104',4,'2025-04-06 13:16:52'),(28,'GG103',4,'2025-04-06 13:16:52'),(29,'GG102',4,'2025-04-06 13:16:52'),(30,'GG101',4,'2025-04-06 13:16:52'),(31,'ME101',4,'2025-04-06 13:16:52'),(32,'EE101',4,'2025-04-06 13:16:52'),(35,'GG104',5,'2025-04-06 13:16:52'),(36,'GG103',5,'2025-04-06 13:16:52'),(37,'GG102',5,'2025-04-06 13:16:52'),(38,'GG101',5,'2025-04-06 13:16:52'),(39,'ME101',5,'2025-04-06 13:16:52'),(40,'EE101',5,'2025-04-06 13:16:52'),(41,'CS103',5,'2025-04-06 13:16:52'),(44,'GG104',6,'2025-04-06 13:16:52'),(45,'GG103',6,'2025-04-06 13:16:52'),(46,'GG102',6,'2025-04-06 13:16:52'),(47,'GG101',6,'2025-04-06 13:16:52'),(48,'ME101',6,'2025-04-06 13:16:52'),(49,'EE101',6,'2025-04-06 13:16:52'),(52,'GG104',7,'2025-04-06 13:16:52'),(53,'GG103',7,'2025-04-06 13:16:52'),(54,'GG102',7,'2025-04-06 13:16:52'),(55,'GG101',7,'2025-04-06 13:16:52'),(56,'ME101',7,'2025-04-06 13:16:52'),(57,'EE101',7,'2025-04-06 13:16:52'),(58,'CS103',7,'2025-04-06 13:16:52'),(61,'GG104',8,'2025-04-06 13:16:52'),(62,'GG103',8,'2025-04-06 13:16:52'),(63,'GG102',8,'2025-04-06 13:16:52'),(64,'GG101',8,'2025-04-06 13:16:52'),(65,'ME101',8,'2025-04-06 13:16:52'),(66,'EE101',8,'2025-04-06 13:16:52'),(69,'GG104',9,'2025-04-06 13:16:52'),(70,'GG103',9,'2025-04-06 13:16:52'),(71,'GG102',9,'2025-04-06 13:16:52'),(72,'GG101',9,'2025-04-06 13:16:52'),(73,'ME101',9,'2025-04-06 13:16:52'),(74,'EE101',9,'2025-04-06 13:16:52'),(75,'CS103',9,'2025-04-06 13:16:52'),(78,'GG104',10,'2025-04-06 13:16:52'),(79,'GG103',10,'2025-04-06 13:16:52'),(80,'GG102',10,'2025-04-06 13:16:52'),(81,'GG101',10,'2025-04-06 13:16:52'),(82,'ME101',10,'2025-04-06 13:16:52'),(83,'EE101',10,'2025-04-06 13:16:52'),(86,'GG104',11,'2025-04-06 13:16:52'),(87,'GG103',11,'2025-04-06 13:16:52'),(88,'GG102',11,'2025-04-06 13:16:52'),(89,'GG101',11,'2025-04-06 13:16:52'),(90,'ME101',11,'2025-04-06 13:16:52'),(91,'EE101',11,'2025-04-06 13:16:52'),(92,'CS103',11,'2025-04-06 13:16:52'),(95,'GG104',12,'2025-04-06 13:16:52'),(96,'GG103',12,'2025-04-06 13:16:52'),(97,'GG102',12,'2025-04-06 13:16:52'),(98,'GG101',12,'2025-04-06 13:16:52'),(99,'ME101',12,'2025-04-06 13:16:52'),(100,'EE101',12,'2025-04-06 13:16:52'),(103,'GG104',13,'2025-04-06 13:16:52'),(104,'GG103',13,'2025-04-06 13:16:52'),(105,'GG102',13,'2025-04-06 13:16:52'),(106,'GG101',13,'2025-04-06 13:16:52'),(107,'ME101',13,'2025-04-06 13:16:52'),(108,'EE101',13,'2025-04-06 13:16:52'),(109,'CS103',13,'2025-04-06 13:16:52'),(112,'GG104',14,'2025-04-06 13:16:52'),(113,'GG103',14,'2025-04-06 13:16:52'),(114,'GG102',14,'2025-04-06 13:16:52'),(115,'GG101',14,'2025-04-06 13:16:52'),(116,'ME101',14,'2025-04-06 13:16:52'),(117,'EE101',14,'2025-04-06 13:16:52'),(120,'GG104',15,'2025-04-06 13:16:52'),(121,'GG103',15,'2025-04-06 13:16:52'),(122,'GG102',15,'2025-04-06 13:16:52'),(123,'GG101',15,'2025-04-06 13:16:52'),(124,'ME101',15,'2025-04-06 13:16:52'),(125,'EE101',15,'2025-04-06 13:16:52'),(126,'CS103',15,'2025-04-06 13:16:52'),(129,'GG104',16,'2025-04-06 13:16:52'),(130,'GG103',16,'2025-04-06 13:16:52'),(131,'GG102',16,'2025-04-06 13:16:52'),(132,'GG101',16,'2025-04-06 13:16:52'),(133,'ME101',16,'2025-04-06 13:16:52'),(134,'EE101',16,'2025-04-06 13:16:52');
/*!40000 ALTER TABLE `course_weeks` ENABLE KEYS */;
UNLOCK TABLES;

--
-- Table structure for table `courses`
--

DROP TABLE IF EXISTS `courses`;
/*!40101 SET @saved_cs_client     = @@character_set_client */;
/*!50503 SET character_set_client = utf8mb4 */;
CREATE TABLE `courses` (
  `id` varchar(20) NOT NULL COMMENT '课程编号',
  `name` varchar(100) NOT NULL COMMENT '课程名称',
  `category` enum('A','B','C','D','E') NOT NULL COMMENT 'A-纯理论课,B-理论+实践课,C-纯实践课,D-实验课,E-其他',
  `attribute` varchar(20) DEFAULT NULL COMMENT '课程属性',
  `course_type` enum('必修','选修','公共') NOT NULL DEFAULT '必修' COMMENT '课程类型',
  `nature` varchar(20) DEFAULT NULL COMMENT '课程性质',
  `department_name` varchar(50) NOT NULL COMMENT '开课院系',
  `is_active` tinyint(1) DEFAULT '1' COMMENT '是否启用',
  `total_hours` int NOT NULL COMMENT '总学时',
  `theory_hours` int DEFAULT '0' COMMENT '理论学时',
  `experiment_hours` int DEFAULT '0' COMMENT '实验学时',
  `computer_hours` int DEFAULT '0' COMMENT '上机学时',
  `practice_hours` int DEFAULT '0' COMMENT '实践学时',
  `credit` decimal(4,2) NOT NULL COMMENT '学分',
  `weekly_hours` int NOT NULL COMMENT '周学时',
  `is_practical` tinyint(1) DEFAULT '0' COMMENT '是否纯实践环节',
  `created_at` datetime DEFAULT NULL,
  PRIMARY KEY (`id`),
  KEY `idx_type` (`course_type`),
  KEY `idx_category` (`category`),
  CONSTRAINT `check_hours_by_category` CHECK ((((`category` = _utf8mb4'A') and (`theory_hours` > 0) and (`practice_hours` = 0)) or ((`category` = _utf8mb4'B') and (`theory_hours` > 0) and (`practice_hours` > 0)) or ((`category` = _utf8mb4'C') and (`theory_hours` = 0) and (`practice_hours` > 0))))
) ENGINE=InnoDB DEFAULT CHARSET=utf8mb4 COLLATE=utf8mb4_0900_ai_ci COMMENT='课程表';
/*!40101 SET character_set_client = @saved_cs_client */;

--
-- Dumping data for table `courses`
--

LOCK TABLES `courses` WRITE;
/*!40000 ALTER TABLE `courses` DISABLE KEYS */;
INSERT INTO `courses` VALUES ('CS103','程序设计实验','C','12','必修','123','计算机科学与技术学院',1,33,0,33,0,33,2.00,2,1,NULL),('EE101','电路分析','B',NULL,'必修',NULL,'电子信息工程学院',1,64,48,16,0,16,4.00,4,0,NULL),('GG101','大学英语(1)','A',NULL,'公共',NULL,'外国语学院',1,64,64,0,0,0,4.00,4,0,NULL),('GG102','高等数学(1)','A',NULL,'公共',NULL,'数学与统计学院',1,96,96,0,0,0,6.00,6,0,NULL),('GG103','大学物理(1)','A',NULL,'公共',NULL,'物理与光电工程学院',1,64,64,0,0,0,4.00,4,0,NULL),('GG104','思想道德与法治','A',NULL,'公共',NULL,'马克思主义学院',1,48,48,0,0,0,3.00,3,0,NULL),('ME101','机械制图实践','C',NULL,'必修',NULL,'机械工程学院',1,64,0,0,0,64,4.00,4,0,NULL);
/*!40000 ALTER TABLE `courses` ENABLE KEYS */;
UNLOCK TABLES;

--
-- Table structure for table `departments`
--

DROP TABLE IF EXISTS `departments`;
/*!40101 SET @saved_cs_client     = @@character_set_client */;
/*!50503 SET character_set_client = utf8mb4 */;
CREATE TABLE `departments` (
  `id` varchar(20) NOT NULL COMMENT '部门代码',
  `name` varchar(50) NOT NULL COMMENT '部门名称',
  `is_entity` tinyint(1) DEFAULT '1' COMMENT '是否实体',
  `establish_date` date DEFAULT NULL COMMENT '建立年月',
  `expire_date` date DEFAULT NULL COMMENT '失效日期',
  `unit_type` varchar(20) DEFAULT NULL COMMENT '单位类别',
  `unit_category` varchar(20) DEFAULT NULL COMMENT '单位办别',
  `parent_dept_id` varchar(20) DEFAULT NULL COMMENT '上级部门',
  `building_id` varchar(20) DEFAULT NULL COMMENT '固定教学楼',
  `is_teaching_dept` tinyint(1) DEFAULT '0' COMMENT '是否开课院系',
  `phone` varchar(20) DEFAULT NULL COMMENT '固定电话',
  `notes` text COMMENT '备注说明',
  `is_active` tinyint(1) DEFAULT '1' COMMENT '是否启用',
  `created_at` timestamp NOT NULL DEFAULT CURRENT_TIMESTAMP,
  `updated_at` timestamp NOT NULL DEFAULT CURRENT_TIMESTAMP ON UPDATE CURRENT_TIMESTAMP,
  `description` varchar(200) DEFAULT NULL,
  PRIMARY KEY (`id`),
  KEY `idx_parent_dept` (`parent_dept_id`),
  KEY `idx_building` (`building_id`)
) ENGINE=InnoDB DEFAULT CHARSET=utf8mb4 COLLATE=utf8mb4_0900_ai_ci COMMENT='部门表';
/*!40101 SET character_set_client = @saved_cs_client */;

--
-- Dumping data for table `departments`
--

LOCK TABLES `departments` WRITE;
/*!40000 ALTER TABLE `departments` DISABLE KEYS */;
INSERT INTO `departments` VALUES ('1001','计算机科学与技术学院',1,'2000-01-01',NULL,'教学单位','院系',NULL,NULL,1,'0755-12345678','计算机及相关专业教学',1,'2025-04-06 12:44:58','2025-04-06 12:44:58',NULL),('1002','电子信息工程学院',1,'2000-01-01',NULL,'教学单位','院系',NULL,NULL,1,'0755-12345679','电子信息相关专业教学',1,'2025-04-06 12:44:58','2025-04-06 12:44:58',NULL),('1003','机械工程学院',1,'2000-01-01',NULL,'教学单位','院系',NULL,NULL,1,'0755-12345680','机械工程相关专业教学',1,'2025-04-06 12:44:58','2025-04-06 12:44:58',NULL),('1004','经济管理学院',1,'2000-01-01',NULL,'教学单位','院系',NULL,NULL,1,'0755-12345681','经济管理相关专业教学',1,'2025-04-06 12:44:58','2025-04-06 12:44:58',NULL),('1005','外国语学院',1,'2000-01-01',NULL,'教学单位','院系',NULL,NULL,1,'0755-12345682','外语教学',1,'2025-04-06 12:44:58','2025-04-06 12:44:58',NULL),('1006','数学与统计学院',1,'2000-01-01',NULL,'教学单位','院系',NULL,NULL,1,'0755-12345683','数学及统计学相关教学',1,'2025-04-06 12:44:58','2025-04-06 12:44:58',NULL),('1007','物理与光电工程学院',1,'2000-01-01',NULL,'教学单位','院系',NULL,NULL,1,'0755-12345684','物理及光电工程教学',1,'2025-04-06 12:44:58','2025-04-06 12:44:58',NULL),('1008','化学与环境工程学院',1,'2000-01-01',NULL,'教学单位','院系',NULL,NULL,1,'0755-12345685','化学及环境工程教学',1,'2025-04-06 12:44:58','2025-04-06 12:44:58',NULL),('1009','艺术设计学院',1,'2000-01-01',NULL,'教学单位','院系',NULL,NULL,1,'0755-12345686','艺术设计相关教学',1,'2025-04-06 12:44:58','2025-04-06 12:44:58',NULL),('1010','体育教学部',1,'2000-01-01',NULL,'教学单位','教学部',NULL,NULL,1,'0755-12345687','体育教学',1,'2025-04-06 12:44:58','2025-04-06 12:44:58',NULL),('2001','教务处',1,'2000-01-01',NULL,'行政单位','职能部门',NULL,NULL,0,'0755-12345688','教学管理与服务',1,'2025-04-06 12:44:58','2025-04-06 12:44:58',NULL),('2002','学生处',1,'2000-01-01',NULL,'行政单位','职能部门','2001',NULL,0,'0755-12345689','学生事务管理',1,'2025-04-06 12:44:58','2025-04-06 12:44:58',NULL),('2003','人事处',1,'2000-01-01',NULL,'行政单位','职能部门','2001',NULL,0,'0755-12345690','人事管理',1,'2025-04-06 12:44:58','2025-04-06 12:44:58',NULL),('2004','科研处',1,'2000-01-01',NULL,'行政单位','职能部门','2001',NULL,0,'0755-12345691','科研管理',1,'2025-04-06 12:44:58','2025-04-06 12:44:58',NULL),('2005','财务处',1,'2000-01-01',NULL,'行政单位','职能部门','2001',NULL,0,'0755-12345692','财务管理',1,'2025-04-06 12:44:58','2025-04-06 12:44:58',NULL);
/*!40000 ALTER TABLE `departments` ENABLE KEYS */;
UNLOCK TABLES;

--
-- Table structure for table `major_directions`
--

DROP TABLE IF EXISTS `major_directions`;
/*!40101 SET @saved_cs_client     = @@character_set_client */;
/*!50503 SET character_set_client = utf8mb4 */;
CREATE TABLE `major_directions` (
  `id` varchar(20) NOT NULL COMMENT '方向编号',
  `major_id` varchar(20) NOT NULL COMMENT '所属专业',
  `name` varchar(50) NOT NULL COMMENT '方向名称',
  `description` text COMMENT '方向描述',
  `created_at` timestamp NOT NULL DEFAULT CURRENT_TIMESTAMP,
  `updated_at` timestamp NOT NULL DEFAULT CURRENT_TIMESTAMP ON UPDATE CURRENT_TIMESTAMP,
  PRIMARY KEY (`id`),
  KEY `idx_major` (`major_id`),
  CONSTRAINT `major_directions_ibfk_1` FOREIGN KEY (`major_id`) REFERENCES `majors` (`id`)
) ENGINE=InnoDB DEFAULT CHARSET=utf8mb4 COLLATE=utf8mb4_0900_ai_ci COMMENT='专业方向表';
/*!40101 SET character_set_client = @saved_cs_client */;

--
-- Dumping data for table `major_directions`
--

LOCK TABLES `major_directions` WRITE;
/*!40000 ALTER TABLE `major_directions` DISABLE KEYS */;
/*!40000 ALTER TABLE `major_directions` ENABLE KEYS */;
UNLOCK TABLES;

--
-- Table structure for table `majors`
--

DROP TABLE IF EXISTS `majors`;
/*!40101 SET @saved_cs_client     = @@character_set_client */;
/*!50503 SET character_set_client = utf8mb4 */;
CREATE TABLE `majors` (
  `id` varchar(20) NOT NULL COMMENT '专业编号',
  `name` varchar(50) NOT NULL COMMENT '专业名称',
  `department_id` varchar(20) NOT NULL COMMENT '所属院系',
  `education_level` varchar(20) NOT NULL COMMENT '培养层次',
  `study_years` int NOT NULL COMMENT '学制',
  `description` text COMMENT '专业描述',
  `created_at` timestamp NOT NULL DEFAULT CURRENT_TIMESTAMP,
  `updated_at` timestamp NOT NULL DEFAULT CURRENT_TIMESTAMP ON UPDATE CURRENT_TIMESTAMP,
  PRIMARY KEY (`id`),
  KEY `idx_department` (`department_id`),
  CONSTRAINT `majors_ibfk_1` FOREIGN KEY (`department_id`) REFERENCES `departments` (`id`)
) ENGINE=InnoDB DEFAULT CHARSET=utf8mb4 COLLATE=utf8mb4_0900_ai_ci COMMENT='专业表';
/*!40101 SET character_set_client = @saved_cs_client */;

--
-- Dumping data for table `majors`
--

LOCK TABLES `majors` WRITE;
/*!40000 ALTER TABLE `majors` DISABLE KEYS */;
INSERT INTO `majors` VALUES ('100101','计算机科学与技术','1001','本科',4,'培养具备计算机理论与应用能力的专业人才','2025-04-06 12:47:57','2025-04-06 12:47:57'),('100102','软件工程','1001','本科',4,'培养软件开发与项目管理专业人才','2025-04-06 12:47:57','2025-04-06 12:47:57'),('100103','人工智能','1001','本科',4,'培养人工智能应用与开发专业人才','2025-04-06 12:47:57','2025-04-06 12:47:57'),('100104','物联网工程','1001','本科',4,'培养物联网技术与应用专业人才','2025-04-06 12:47:57','2025-04-06 12:47:57'),('100201','电子信息工程','1002','本科',4,'培养电子信息技术专业人才','2025-04-06 12:47:57','2025-04-06 12:47:57'),('100202','通信工程','1002','本科',4,'培养通信技术专业人才','2025-04-06 12:47:57','2025-04-06 12:47:57'),('100203','微电子科学与工程','1002','本科',4,'培养微电子技术专业人才','2025-04-06 12:47:57','2025-04-06 12:47:57'),('100301','机械工程','1003','本科',4,'培养机械工程设计与制造专业人才','2025-04-06 12:47:57','2025-04-06 12:47:57'),('100302','自动化','1003','本科',4,'培养自动化控制技术专业人才','2025-04-06 12:47:57','2025-04-06 12:47:57'),('100303','工业设计','1003','本科',4,'培养工业产品设计专业人才','2025-04-06 12:47:57','2025-04-06 12:47:57'),('100401','工商管理','1004','本科',4,'培养企业管理专业人才','2025-04-06 12:47:57','2025-04-06 12:47:57'),('100402','会计学','1004','本科',4,'培养财务会计专业人才','2025-04-06 12:47:57','2025-04-06 12:47:57'),('100403','市场营销','1004','本科',4,'培养市场营销专业人才','2025-04-06 12:47:57','2025-04-06 12:47:57'),('100404','金融学','1004','本科',4,'培养金融投资专业人才','2025-04-06 12:47:57','2025-04-06 12:47:57'),('100501','英语','1005','本科',4,'培养英语语言文学专业人才','2025-04-06 12:47:57','2025-04-06 12:47:57'),('100502','日语','1005','本科',4,'培养日语语言文学专业人才','2025-04-06 12:47:57','2025-04-06 12:47:57'),('100503','德语','1005','本科',4,'培养德语语言文学专业人才','2025-04-06 12:47:57','2025-04-06 12:47:57'),('100601','数学与应用数学','1006','本科',4,'培养数学理论与应用专业人才','2025-04-06 12:47:57','2025-04-06 12:47:57'),('100602','统计学','1006','本科',4,'培养统计分析专业人才','2025-04-06 12:47:57','2025-04-06 12:47:57'),('100603','数据科学与大数据技术','1006','本科',4,'培养大数据分析专业人才','2025-04-06 12:47:57','2025-04-06 12:47:57'),('100701','应用物理学','1007','本科',4,'培养应用物理专业人才','2025-04-06 12:47:57','2025-04-06 12:47:57'),('100702','光电信息科学与工程','1007','本科',4,'培养光电技术专业人才','2025-04-06 12:47:57','2025-04-06 12:47:57'),('100801','应用化学','1008','本科',4,'培养应用化学专业人才','2025-04-06 12:47:57','2025-04-06 12:47:57'),('100802','环境工程','1008','本科',4,'培养环境工程专业人才','2025-04-06 12:47:57','2025-04-06 12:47:57'),('100803','化学工程与工艺','1008','本科',4,'培养化工工艺专业人才','2025-04-06 12:47:57','2025-04-06 12:47:57'),('100901','视觉传达设计','1009','本科',4,'培养视觉设计专业人才','2025-04-06 12:47:57','2025-04-06 12:47:57'),('100902','产品设计','1009','本科',4,'培养产品设计专业人才','2025-04-06 12:47:57','2025-04-06 12:47:57'),('100903','环境设计','1009','本科',4,'培养环境艺术设计专业人才','2025-04-06 12:47:57','2025-04-06 12:47:57'),('100904','数字媒体艺术','1009','本科',4,'培养数字媒体创作专业人才','2025-04-06 12:47:57','2025-04-06 12:47:57'),('101001','体育教育','1010','本科',4,'培养体育教育专业人才','2025-04-06 12:47:57','2025-04-06 12:47:57'),('101002','社会体育指导与管理','1010','本科',4,'培养社会体育指导专业人才','2025-04-06 12:47:57','2025-04-06 12:47:57');
/*!40000 ALTER TABLE `majors` ENABLE KEYS */;
UNLOCK TABLES;

--
-- Table structure for table `notifications`
--

DROP TABLE IF EXISTS `notifications`;
/*!40101 SET @saved_cs_client     = @@character_set_client */;
/*!50503 SET character_set_client = utf8mb4 */;
CREATE TABLE `notifications` (
  `id` bigint NOT NULL AUTO_INCREMENT COMMENT '主键ID',
  `title` varchar(100) NOT NULL COMMENT '通知标题',
  `content` text NOT NULL COMMENT '通知内容',
  `sender_id` varchar(20) NOT NULL COMMENT '发送者ID',
  `receiver_type` enum('ALL','TEACHER','STUDENT','ADMIN') NOT NULL COMMENT '接收者类型',
  `receiver_id` varchar(20) DEFAULT NULL COMMENT '接收者ID(当receiver_type不为ALL时)',
  `is_read` tinyint(1) DEFAULT '0' COMMENT '是否已读',
  `created_at` datetime DEFAULT CURRENT_TIMESTAMP COMMENT '创建时间',
  `updated_at` datetime DEFAULT CURRENT_TIMESTAMP ON UPDATE CURRENT_TIMESTAMP COMMENT '更新时间',
  PRIMARY KEY (`id`)
) ENGINE=InnoDB DEFAULT CHARSET=utf8mb4 COLLATE=utf8mb4_0900_ai_ci COMMENT='信息通知表';
/*!40101 SET character_set_client = @saved_cs_client */;

--
-- Dumping data for table `notifications`
--

LOCK TABLES `notifications` WRITE;
/*!40000 ALTER TABLE `notifications` DISABLE KEYS */;
/*!40000 ALTER TABLE `notifications` ENABLE KEYS */;
UNLOCK TABLES;

--
-- Table structure for table `scheduling_tasks`
--

DROP TABLE IF EXISTS `scheduling_tasks`;
/*!40101 SET @saved_cs_client     = @@character_set_client */;
/*!50503 SET character_set_client = utf8mb4 */;
CREATE TABLE `scheduling_tasks` (
  `id` varchar(36) NOT NULL COMMENT '任务ID',
  `academic_year` varchar(9) NOT NULL COMMENT '学年(如:2023-2024)',
  `semester` varchar(20) NOT NULL COMMENT '学期(如:2023-2024-1)',
  `course_code` varchar(50) NOT NULL COMMENT '课程编号',
  `course_name` varchar(100) NOT NULL COMMENT '课程名称',
  `teacher_id` varchar(20) NOT NULL COMMENT '教师工号',
  `teacher_name` varchar(50) NOT NULL COMMENT '任课教师',
  `class_composition` text NOT NULL COMMENT '教学班组成',
  `class_code` varchar(50) NOT NULL COMMENT '教学班编号',
  `course_belonging` varchar(100) DEFAULT NULL COMMENT '课程归属',
  `course_credits` decimal(3,1) NOT NULL COMMENT '课程学分',
  `class_name` varchar(100) NOT NULL COMMENT '教学班名称',
  `hours_type` varchar(50) NOT NULL COMMENT '学时类型',
  `teaching_hours` int NOT NULL COMMENT '开课学时',
  `priority` tinyint NOT NULL DEFAULT '0' COMMENT '排课优先级(0-9)',
  `class_size` int NOT NULL DEFAULT '0' COMMENT '教学班人数',
  `course_nature` varchar(50) NOT NULL COMMENT '课程性质',
  `campus` varchar(50) NOT NULL COMMENT '开课校区',
  `is_external_teacher` tinyint(1) NOT NULL DEFAULT '0' COMMENT '是否外聘',
  `department_id` varchar(20) NOT NULL COMMENT '开课院系',
  `weekly_hours` varchar(100) DEFAULT NULL COMMENT '开课周次学时(格式:10-18:2表示第10-18周，每周2学时)',
  `consecutive_sections` int DEFAULT NULL COMMENT '连排节次',
  `required_classroom_type` varchar(50) DEFAULT NULL COMMENT '指定教室类型',
  `required_classroom` varchar(50) DEFAULT NULL COMMENT '指定教室',
  `required_building` varchar(50) DEFAULT NULL COMMENT '指定教学楼',
  `required_time` varchar(100) DEFAULT NULL COMMENT '指定时间',
  `status` enum('pending','completed','failed') NOT NULL DEFAULT 'pending' COMMENT '任务状态',
  `created_at` timestamp NOT NULL DEFAULT CURRENT_TIMESTAMP,
  `updated_at` timestamp NOT NULL DEFAULT CURRENT_TIMESTAMP ON UPDATE CURRENT_TIMESTAMP,
  PRIMARY KEY (`id`),
  UNIQUE KEY `uk_year_semester_course_class` (`academic_year`,`semester`,`course_code`,`class_code`),
  KEY `idx_course_code` (`course_code`),
  KEY `idx_teacher_id` (`teacher_id`),
  KEY `idx_department_id` (`department_id`),
  KEY `idx_status` (`status`),
  CONSTRAINT `scheduling_tasks_ibfk_1` FOREIGN KEY (`department_id`) REFERENCES `departments` (`id`),
  CONSTRAINT `scheduling_tasks_ibfk_2` FOREIGN KEY (`teacher_id`) REFERENCES `teachers` (`id`)
) ENGINE=InnoDB DEFAULT CHARSET=utf8mb4 COLLATE=utf8mb4_0900_ai_ci COMMENT='排课任务表';
/*!40101 SET character_set_client = @saved_cs_client */;

--
-- Dumping data for table `scheduling_tasks`
--

LOCK TABLES `scheduling_tasks` WRITE;
/*!40000 ALTER TABLE `scheduling_tasks` DISABLE KEYS */;
/*!40000 ALTER TABLE `scheduling_tasks` ENABLE KEYS */;
UNLOCK TABLES;

--
-- Table structure for table `student_accounts`
--

DROP TABLE IF EXISTS `student_accounts`;
/*!40101 SET @saved_cs_client     = @@character_set_client */;
/*!50503 SET character_set_client = utf8mb4 */;
CREATE TABLE `student_accounts` (
  `student_id` char(14) NOT NULL COMMENT '学号(格式：年份4位+部门号4位+专业号2位+班级号2位+学生编号2位)',
  `password_hash` varchar(255) NOT NULL COMMENT '密码哈希',
  `email` varchar(100) DEFAULT NULL COMMENT '邮箱',
  `last_login` datetime DEFAULT NULL COMMENT '最后登录时间',
  `is_active` tinyint(1) NOT NULL DEFAULT '1' COMMENT '是否激活',
  `password_updated_at` datetime DEFAULT CURRENT_TIMESTAMP COMMENT '密码更新时间',
  `created_at` timestamp NOT NULL DEFAULT CURRENT_TIMESTAMP,
  `updated_at` timestamp NOT NULL DEFAULT CURRENT_TIMESTAMP ON UPDATE CURRENT_TIMESTAMP,
  `class_name` varchar(50) DEFAULT NULL,
  `counselor` varchar(20) DEFAULT NULL,
  `enabled` bit(1) NOT NULL,
  `ethnicity` varchar(20) DEFAULT NULL,
  `faculty` varchar(50) DEFAULT NULL,
  `gender` varchar(2) DEFAULT NULL,
  `grade` varchar(10) DEFAULT NULL,
  `id_card` varchar(18) DEFAULT NULL,
  `last_login_at` datetime(6) DEFAULT NULL,
  `major` varchar(50) DEFAULT NULL,
  `name` varchar(20) NOT NULL,
  `password` varchar(100) NOT NULL,
  `phone` varchar(11) DEFAULT NULL,
  `political_status` varchar(20) DEFAULT NULL,
  `username` varchar(20) NOT NULL,
  PRIMARY KEY (`student_id`),
  UNIQUE KEY `email` (`email`),
  KEY `idx_last_login` (`last_login`)
) ENGINE=InnoDB DEFAULT CHARSET=utf8mb4 COLLATE=utf8mb4_0900_ai_ci COMMENT='学生账户表';
/*!40101 SET character_set_client = @saved_cs_client */;

--
-- Dumping data for table `student_accounts`
--

LOCK TABLES `student_accounts` WRITE;
/*!40000 ALTER TABLE `student_accounts` DISABLE KEYS */;
INSERT INTO `student_accounts` VALUES ('20231001010101','$2a$10$KHaw2JREa01nXHtLlrtU5ed39xOb22ZquJI9qKrHJXt3WvXGlg17y','20231001010101@edu.cn','2025-04-07 13:12:00',1,'2025-04-10 13:42:33','2025-04-07 04:52:52','2025-04-10 06:25:20',NULL,NULL,_binary '\0',NULL,NULL,NULL,NULL,NULL,NULL,NULL,'','$2a$10$KHaw2JREa01nXHtLlrtU5ed39xOb22ZquJI9qKrHJXt3WvXGlg17y',NULL,NULL,''),('20231001010102','$2a$10$U2b84jYag8BvGcqGd.f0pefuHmKUdV6E.KMBIj4KLHrni3RP34EdC','20231001010102@edu.cn',NULL,1,'2025-04-10 13:03:03','2025-04-07 04:52:52','2025-04-10 05:03:03',NULL,NULL,_binary '\0',NULL,NULL,NULL,NULL,NULL,NULL,NULL,'','',NULL,NULL,''),('20231001010103','$2a$10$7O2MNNp8oQXbO7sC1tMG3egDg1WVNeVnhL5lhaVTQ.oTew18zbzAW','20231001010103@edu.cn',NULL,1,'2025-04-07 12:52:52','2025-04-07 04:52:52','2025-04-07 04:52:52',NULL,NULL,_binary '\0',NULL,NULL,NULL,NULL,NULL,NULL,NULL,'','',NULL,NULL,''),('20231001010104','$2a$10$7O2MNNp8oQXbO7sC1tMG3egDg1WVNeVnhL5lhaVTQ.oTew18zbzAW','20231001010104@edu.cn',NULL,1,'2025-04-07 12:52:52','2025-04-07 04:52:52','2025-04-07 04:52:52',NULL,NULL,_binary '\0',NULL,NULL,NULL,NULL,NULL,NULL,NULL,'','',NULL,NULL,''),('20231001010105','$2a$10$7O2MNNp8oQXbO7sC1tMG3egDg1WVNeVnhL5lhaVTQ.oTew18zbzAW','20231001010105@edu.cn',NULL,1,'2025-04-07 12:52:52','2025-04-07 04:52:52','2025-04-07 04:52:52',NULL,NULL,_binary '\0',NULL,NULL,NULL,NULL,NULL,NULL,NULL,'','',NULL,NULL,''),('20231001010106','$2a$10$7O2MNNp8oQXbO7sC1tMG3egDg1WVNeVnhL5lhaVTQ.oTew18zbzAW','20231001010106@edu.cn',NULL,1,'2025-04-07 12:52:52','2025-04-07 04:52:52','2025-04-07 04:52:52',NULL,NULL,_binary '\0',NULL,NULL,NULL,NULL,NULL,NULL,NULL,'','',NULL,NULL,''),('20231001010107','$2a$10$7O2MNNp8oQXbO7sC1tMG3egDg1WVNeVnhL5lhaVTQ.oTew18zbzAW','20231001010107@edu.cn',NULL,1,'2025-04-07 12:52:52','2025-04-07 04:52:52','2025-04-07 04:52:52',NULL,NULL,_binary '\0',NULL,NULL,NULL,NULL,NULL,NULL,NULL,'','',NULL,NULL,''),('20231001010108','$2a$10$7O2MNNp8oQXbO7sC1tMG3egDg1WVNeVnhL5lhaVTQ.oTew18zbzAW','20231001010108@edu.cn',NULL,1,'2025-04-07 12:52:52','2025-04-07 04:52:52','2025-04-07 04:52:52',NULL,NULL,_binary '\0',NULL,NULL,NULL,NULL,NULL,NULL,NULL,'','',NULL,NULL,''),('20231001010109','$2a$10$7O2MNNp8oQXbO7sC1tMG3egDg1WVNeVnhL5lhaVTQ.oTew18zbzAW','20231001010109@edu.cn',NULL,1,'2025-04-07 12:52:52','2025-04-07 04:52:52','2025-04-07 04:52:52',NULL,NULL,_binary '\0',NULL,NULL,NULL,NULL,NULL,NULL,NULL,'','',NULL,NULL,''),('20231001010110','$2a$10$7O2MNNp8oQXbO7sC1tMG3egDg1WVNeVnhL5lhaVTQ.oTew18zbzAW','20231001010110@edu.cn',NULL,1,'2025-04-07 12:52:52','2025-04-07 04:52:52','2025-04-07 04:52:52',NULL,NULL,_binary '\0',NULL,NULL,NULL,NULL,NULL,NULL,NULL,'','',NULL,NULL,''),('20231001010111','$2a$10$7O2MNNp8oQXbO7sC1tMG3egDg1WVNeVnhL5lhaVTQ.oTew18zbzAW','20231001010111@edu.cn',NULL,1,'2025-04-07 12:52:52','2025-04-07 04:52:52','2025-04-07 04:52:52',NULL,NULL,_binary '\0',NULL,NULL,NULL,NULL,NULL,NULL,NULL,'','',NULL,NULL,''),('20231001010112','$2a$10$7O2MNNp8oQXbO7sC1tMG3egDg1WVNeVnhL5lhaVTQ.oTew18zbzAW','20231001010112@edu.cn',NULL,1,'2025-04-07 12:52:52','2025-04-07 04:52:52','2025-04-07 04:52:52',NULL,NULL,_binary '\0',NULL,NULL,NULL,NULL,NULL,NULL,NULL,'','',NULL,NULL,''),('20231001010113','$2a$10$7O2MNNp8oQXbO7sC1tMG3egDg1WVNeVnhL5lhaVTQ.oTew18zbzAW','20231001010113@edu.cn',NULL,1,'2025-04-07 12:52:52','2025-04-07 04:52:52','2025-04-07 04:52:52',NULL,NULL,_binary '\0',NULL,NULL,NULL,NULL,NULL,NULL,NULL,'','',NULL,NULL,''),('20231001010114','$2a$10$7O2MNNp8oQXbO7sC1tMG3egDg1WVNeVnhL5lhaVTQ.oTew18zbzAW','20231001010114@edu.cn',NULL,1,'2025-04-07 12:52:52','2025-04-07 04:52:52','2025-04-07 04:52:52',NULL,NULL,_binary '\0',NULL,NULL,NULL,NULL,NULL,NULL,NULL,'','',NULL,NULL,''),('20231001010115','$2a$10$7O2MNNp8oQXbO7sC1tMG3egDg1WVNeVnhL5lhaVTQ.oTew18zbzAW','20231001010115@edu.cn',NULL,1,'2025-04-07 12:52:52','2025-04-07 04:52:52','2025-04-07 04:52:52',NULL,NULL,_binary '\0',NULL,NULL,NULL,NULL,NULL,NULL,NULL,'','',NULL,NULL,''),('20231001010144','$2a$10$hJgVLAsoqstmMkbDQ/BfROoQq0fQX/SIZMij8qwAR6ArzGKucipOS','',NULL,1,'2025-04-09 16:57:21','2025-04-09 08:57:20','2025-04-09 08:57:20','202310010101',NULL,_binary '','汉族','1001','男','2023','202310010101441100',NULL,'100101','会更','010144','','中共党员','20231001010144'),('20231001010234','$2a$10$mSAlwK9Ja893NFyh8s40buS852ofP5K3XhHU7n/RcHl2PIJJolFyS','20231001010234@temp.edu.cn',NULL,1,'2025-04-09 18:40:09','2025-04-09 10:40:08','2025-04-09 10:40:08','202310010101',NULL,_binary '','','1001','男','2023','',NULL,'100101','hemras','010234','','','20231001010234'),('20231001010250','$2a$10$MPaw1fkr0Waz.G9Qr4oa/O7blbjoR5abL.H5hmtpb6UO/e4rFz9wy','20231001010250@temp.edu.cn',NULL,1,'2025-04-09 18:50:32','2025-04-09 10:50:31','2025-04-09 10:50:31','202310010101',NULL,_binary '','','1001','男','2023','',NULL,'100101','阿萨大','010250','','','20231001010250'),('20231001010256','$2a$10$su2gNd.VNI8kdjRjtevKDOrdvwaIj5QbiB//ta.Dfh6kqTHq2aZAG','20231001010256@temp.edu.cn',NULL,1,'2025-04-09 18:32:00','2025-04-09 10:32:00','2025-04-09 10:32:00','202310010101',NULL,_binary '','汉族','1001','男','2023','202310010101441100',NULL,'100101','会及','010256','','中共党员','20231001010256'),('20231001010257','$2a$10$JmfwPpK3DQrmPa048ZwNAe946rqkVBf4BaU26j0sVkQF3WXvtp.fe','20231001010257@temp.edu.cn',NULL,1,'2025-04-09 18:54:20','2025-04-09 10:54:19','2025-04-09 10:54:19','202310010101',NULL,_binary '','','1001','男','2023','',NULL,'100101','阿瑟东','010257','','','20231001010257'),('20231001010267','$2a$10$yxVjuUam/jOcgTvzwkIwvO2wOqIS8ySsPEaAxO9zdNT1uWQJcrWm6','20231001010267@temp.edu.cn',NULL,1,'2025-04-09 18:47:40','2025-04-09 10:47:40','2025-04-09 10:47:40','202310010101',NULL,_binary '','','1001','男','2023','',NULL,'100101','hemras','010267','','','20231001010267'),('20231001010268','$2a$10$Z2nhDQa8NBXEOKGDPj2SOuuZfZtPgbg8g.3CvWjvezCefC8r4Bk/y','20231001010268@temp.edu.cn',NULL,1,'2025-04-09 18:47:53','2025-04-09 10:47:52','2025-04-09 10:47:52','202310010101',NULL,_binary '','','1001','男','2023','',NULL,'100101','hemras','010268','','','20231001010268'),('20231001010269','$2a$10$H.Q.wozT9tP4.iepPcWmD.Urq8M/Y5ON5shdTXC8l.pHHIA.pWuGe','20231001010269@temp.edu.cn',NULL,1,'2025-04-09 20:36:42','2025-04-09 12:36:42','2025-04-09 12:36:42','202310010101',NULL,_binary '','汉族','1001','男','2023','202310010102680099',NULL,'100101','sds','010269','','共青团员','20231001010269'),('20231001010270','$2a$10$avOiLY1yIZghMn3/UFv9Z.RwObGNs7N.IIzwzXpfEWOdrm.1MfhAi','20231001010270@temp.edu.cn','2025-04-09 20:42:27',1,'2025-04-09 20:39:39','2025-04-09 12:39:39','2025-04-09 12:42:26','202310010101',NULL,_binary '','汉族','1001','男','2023','202310010102691100',NULL,'100101','dsf','010270','','共青团员','20231001010270'),('20231001010271','$2a$10$8B5/KoWP9XP43NCu/MYSue90mXqjquJ2OP8qW9l3pYCDQxFM7/xOK','20231001010271@temp.edu.cn','2025-04-09 20:47:33',1,'2025-04-09 20:46:06','2025-04-09 12:46:06','2025-04-09 12:47:32','202310010101',NULL,_binary '','汉族','1001','男','2023','202310010102700011',NULL,'100101','sdgf','700011','','中共党员','20231001010271'),('20231001010277','$2a$10$gWKooXcfilpCUR3f.ZRrF.CJwdak0DNT1Cfyg.lQTEninsv86ZeCS','20231001010277@temp.edu.cn',NULL,1,'2025-04-09 18:56:55','2025-04-09 10:56:54','2025-04-09 10:56:54','202310010101',NULL,_binary '','','1001','男','2023','',NULL,'100101','德萨','010277','','','20231001010277'),('20231001010288','$2a$10$lhK/9xfe2ypsl13mzoK98.upTYxH4TSCtxh1M3U2fYH7yOzJn5XQq','20231001010288@temp.edu.cn',NULL,1,'2025-04-09 18:47:59','2025-04-09 10:47:59','2025-04-09 10:47:59','202310010101',NULL,_binary '','','1001','男','2023','',NULL,'100101','hemras','010288','','','20231001010288'),('20231001010299','$2a$10$7dyhsq45nbHLs6jJpw80weu3dwnRWCSaClhwhNOuYOs2Mt.e5Cy0u','20231001010299@temp.edu.cn',NULL,1,'2025-04-09 18:34:15','2025-04-09 10:34:15','2025-04-09 10:34:15','202310010101',NULL,_binary '','','1001','男','2023','',NULL,'100101','会更','010299','','','20231001010299'),('20231001010902','$2a$10$ZXGYZVZrLv/MPV/MfZGtg.oLQUeTDOCwyhLJYuxCUlfm92iSatJB6','20231001010902@temp.edu.cn',NULL,1,'2025-04-09 18:40:35','2025-04-09 10:40:35','2025-04-09 10:40:35','202310010101',NULL,_binary '','','1001','男','2023','',NULL,'100101','hemras','010902','','','20231001010902'),('20231001010999','$2a$10$.WtCanxjREWGBdkt3jZDJuZK5pzdbkTNTuFbKfgtXyT64TJnHTOKa','20231001010999@temp.edu.cn',NULL,1,'2025-04-09 18:48:07','2025-04-09 10:48:07','2025-04-09 10:48:07','202310010101',NULL,_binary '','','1001','男','2023','',NULL,'100101','hemras','010999','','','20231001010999'),('20231002010250','$2a$10$B20PP/Y8PxvURMlWTNfTIeg7Pk72cFYF38AoDuPuFAsySgukUIhmu','20231002010250@temp.edu.cn',NULL,1,'2025-04-09 18:59:05','2025-04-09 10:59:04','2025-04-09 10:59:04','202310010101',NULL,_binary '','汉族','1001','男','2023','440111200404198117',NULL,'100101','黎俊炜','010250','','共青团员','20231002010250');
/*!40000 ALTER TABLE `student_accounts` ENABLE KEYS */;
UNLOCK TABLES;

--
-- Table structure for table `students`
--

DROP TABLE IF EXISTS `students`;
/*!40101 SET @saved_cs_client     = @@character_set_client */;
/*!50503 SET character_set_client = utf8mb4 */;
CREATE TABLE `students` (
  `id` char(14) NOT NULL COMMENT '学号(格式：年份4位+部门号4位+专业号2位+班级号2位+学生编号2位)',
  `name` varchar(50) NOT NULL COMMENT '姓名',
  `gender` enum('男','女') NOT NULL COMMENT '性别',
  `id_card` varchar(18) DEFAULT NULL COMMENT '身份证号',
  `birthday` date DEFAULT NULL COMMENT '出生日期',
  `ethnicity` varchar(20) DEFAULT NULL COMMENT '民族',
  `political_status` varchar(20) DEFAULT NULL COMMENT '政治面貌',
  `class_id` varchar(20) NOT NULL COMMENT '所属班级',
  `major_id` varchar(20) NOT NULL COMMENT '所属专业',
  `department_id` varchar(20) NOT NULL COMMENT '所属院系',
  `education_level` varchar(20) NOT NULL COMMENT '培养层次',
  `enrollment_date` date NOT NULL COMMENT '入学日期',
  `expected_graduation` date DEFAULT NULL COMMENT '预计毕业日期',
  `student_status` varchar(20) DEFAULT '在读' COMMENT '学籍状态',
  `is_active` tinyint(1) DEFAULT '1' COMMENT '是否在校',
  `phone` varchar(20) DEFAULT NULL COMMENT '联系电话',
  `email` varchar(50) DEFAULT NULL COMMENT '电子邮箱',
  `address` varchar(200) DEFAULT NULL COMMENT '家庭住址',
  `notes` text COMMENT '备注',
  `created_at` timestamp NOT NULL DEFAULT CURRENT_TIMESTAMP,
  `updated_at` timestamp NOT NULL DEFAULT CURRENT_TIMESTAMP ON UPDATE CURRENT_TIMESTAMP,
  PRIMARY KEY (`id`),
  KEY `idx_class` (`class_id`),
  KEY `idx_major` (`major_id`),
  KEY `idx_department` (`department_id`),
  KEY `idx_student_status` (`student_status`),
  KEY `idx_class_status` (`class_id`,`student_status`),
  CONSTRAINT `students_ibfk_2` FOREIGN KEY (`major_id`) REFERENCES `majors` (`id`),
  CONSTRAINT `students_ibfk_3` FOREIGN KEY (`department_id`) REFERENCES `departments` (`id`),
  CONSTRAINT `check_student_id_format` CHECK (regexp_like(`id`,_utf8mb4'^[0-9]{14}$'))
) ENGINE=InnoDB DEFAULT CHARSET=utf8mb4 COLLATE=utf8mb4_0900_ai_ci COMMENT='学生表';
/*!40101 SET character_set_client = @saved_cs_client */;

--
-- Dumping data for table `students`
--

LOCK TABLES `students` WRITE;
/*!40000 ALTER TABLE `students` DISABLE KEYS */;
INSERT INTO `students` VALUES ('20231001010101','张62','男','456789026867893678',NULL,'汉族','共青团员','202310010101','100101','1001','本科','2023-09-01','2027-07-01','在读',1,NULL,NULL,NULL,NULL,'2025-04-06 13:12:59','2025-04-10 05:04:25'),('20231001010102','李20','男',NULL,NULL,'汉族','群众','202310010101','100101','1001','本科','2023-09-01','2027-07-01','在读',1,NULL,NULL,NULL,NULL,'2025-04-06 13:12:59','2025-04-06 13:12:59'),('20231001010103','张78','女',NULL,NULL,'汉族','群众','202310010101','100101','1001','本科','2023-09-01','2027-07-01','在读',1,NULL,NULL,NULL,NULL,'2025-04-06 13:12:59','2025-04-06 13:12:59'),('20231001010104','李24','男',NULL,NULL,'汉族','中共党员','202310010101','100101','1001','本科','2023-09-01','2027-07-01','在读',1,NULL,NULL,NULL,NULL,'2025-04-06 13:12:59','2025-04-06 13:12:59'),('20231001010105','张14','男',NULL,NULL,'汉族','共青团员','202310010101','100101','1001','本科','2023-09-01','2027-07-01','在读',1,NULL,NULL,NULL,NULL,'2025-04-06 13:12:59','2025-04-06 13:12:59'),('20231001010106','李49','女',NULL,NULL,'汉族','群众','202310010101','100101','1001','本科','2023-09-01','2027-07-01','在读',1,NULL,NULL,NULL,NULL,'2025-04-06 13:12:59','2025-04-06 13:12:59'),('20231001010107','张44','男',NULL,NULL,'汉族','群众','202310010101','100101','1001','本科','2023-09-01','2027-07-01','在读',1,NULL,NULL,NULL,NULL,'2025-04-06 13:12:59','2025-04-06 13:12:59'),('20231001010108','李57','男',NULL,NULL,'汉族','中共党员','202310010101','100101','1001','本科','2023-09-01','2027-07-01','在读',1,NULL,NULL,NULL,NULL,'2025-04-06 13:12:59','2025-04-06 13:12:59'),('20231001010109','张47','女',NULL,NULL,'汉族','共青团员','202310010101','100101','1001','本科','2023-09-01','2027-07-01','在读',1,NULL,NULL,NULL,NULL,'2025-04-06 13:12:59','2025-04-06 13:12:59'),('20231001010110','李27','男',NULL,NULL,'汉族','群众','202310010101','100101','1001','本科','2023-09-01','2027-07-01','在读',1,NULL,NULL,NULL,NULL,'2025-04-06 13:12:59','2025-04-06 13:12:59'),('20231001010111','张29','男',NULL,NULL,'汉族','群众','202310010101','100101','1001','本科','2023-09-01','2027-07-01','在读',1,NULL,NULL,NULL,NULL,'2025-04-06 13:12:59','2025-04-06 13:12:59'),('20231001010112','李6','女',NULL,NULL,'汉族','中共党员','202310010101','100101','1001','本科','2023-09-01','2027-07-01','在读',1,NULL,NULL,NULL,NULL,'2025-04-06 13:12:59','2025-04-06 13:12:59'),('20231001010113','张34','男',NULL,NULL,'汉族','共青团员','202310010101','100101','1001','本科','2023-09-01','2027-07-01','在读',1,NULL,NULL,NULL,NULL,'2025-04-06 13:12:59','2025-04-06 13:12:59'),('20231001010114','李55','男',NULL,NULL,'汉族','群众','202310010101','100101','1001','本科','2023-09-01','2027-07-01','在读',1,NULL,NULL,NULL,NULL,'2025-04-06 13:12:59','2025-04-06 13:12:59'),('20231001010115','张47','女',NULL,NULL,'汉族','群众','202310010101','100101','1001','本科','2023-09-01','2027-07-01','在读',1,NULL,NULL,NULL,NULL,'2025-04-06 13:12:59','2025-04-06 13:12:59'),('20231001010116','李60','男',NULL,NULL,'汉族','中共党员','202310010101','100101','1001','本科','2023-09-01','2027-07-01','在读',1,NULL,NULL,NULL,NULL,'2025-04-06 13:12:59','2025-04-06 13:12:59'),('20231001010117','张19','男',NULL,NULL,'汉族','共青团员','202310010101','100101','1001','本科','2023-09-01','2027-07-01','在读',1,NULL,NULL,NULL,NULL,'2025-04-06 13:12:59','2025-04-06 13:12:59'),('20231001010118','李78','女',NULL,NULL,'汉族','群众','202310010101','100101','1001','本科','2023-09-01','2027-07-01','在读',1,NULL,NULL,NULL,NULL,'2025-04-06 13:12:59','2025-04-06 13:12:59'),('20231001010119','张23','男',NULL,NULL,'汉族','群众','202310010101','100101','1001','本科','2023-09-01','2027-07-01','在读',1,NULL,NULL,NULL,NULL,'2025-04-06 13:12:59','2025-04-06 13:12:59'),('20231001010120','李13','男',NULL,NULL,'汉族','中共党员','202310010101','100101','1001','本科','2023-09-01','2027-07-01','在读',1,NULL,NULL,NULL,NULL,'2025-04-06 13:12:59','2025-04-06 13:12:59'),('20231001010121','张14','女',NULL,NULL,'汉族','共青团员','202310010101','100101','1001','本科','2023-09-01','2027-07-01','在读',1,NULL,NULL,NULL,NULL,'2025-04-06 13:12:59','2025-04-06 13:12:59'),('20231001010122','李86','男',NULL,NULL,'汉族','群众','202310010101','100101','1001','本科','2023-09-01','2027-07-01','在读',1,NULL,NULL,NULL,NULL,'2025-04-06 13:12:59','2025-04-06 13:12:59'),('20231001010123','张39','男',NULL,NULL,'汉族','群众','202310010101','100101','1001','本科','2023-09-01','2027-07-01','在读',1,NULL,NULL,NULL,NULL,'2025-04-06 13:12:59','2025-04-06 13:12:59'),('20231001010124','李37','女',NULL,NULL,'汉族','中共党员','202310010101','100101','1001','本科','2023-09-01','2027-07-01','在读',1,NULL,NULL,NULL,NULL,'2025-04-06 13:12:59','2025-04-06 13:12:59'),('20231001010125','张48','男',NULL,NULL,'汉族','共青团员','202310010101','100101','1001','本科','2023-09-01','2027-07-01','在读',1,NULL,NULL,NULL,NULL,'2025-04-06 13:12:59','2025-04-06 13:12:59'),('20231001010126','李1','男',NULL,NULL,'汉族','群众','202310010101','100101','1001','本科','2023-09-01','2027-07-01','在读',1,NULL,NULL,NULL,NULL,'2025-04-06 13:12:59','2025-04-06 13:12:59'),('20231001010127','张53','女',NULL,NULL,'汉族','群众','202310010101','100101','1001','本科','2023-09-01','2027-07-01','在读',1,NULL,NULL,NULL,NULL,'2025-04-06 13:12:59','2025-04-06 13:12:59'),('20231001010128','李22','男',NULL,NULL,'汉族','中共党员','202310010101','100101','1001','本科','2023-09-01','2027-07-01','在读',1,NULL,NULL,NULL,NULL,'2025-04-06 13:12:59','2025-04-06 13:12:59'),('20231001010129','张85','男',NULL,NULL,'汉族','共青团员','202310010101','100101','1001','本科','2023-09-01','2027-07-01','在读',1,NULL,NULL,NULL,NULL,'2025-04-06 13:12:59','2025-04-06 13:12:59'),('20231001010130','李35','女',NULL,NULL,'汉族','群众','202310010101','100101','1001','本科','2023-09-01','2027-07-01','在读',1,NULL,NULL,NULL,NULL,'2025-04-06 13:12:59','2025-04-06 13:12:59'),('20231001010144','会更','男','202310010101441100','2025-05-27','汉族','中共党员','202310010101','100101','1001','本科','2025-04-09',NULL,'在读',1,'','','','','2025-04-09 08:57:21','2025-04-09 08:57:21'),('20231001010201','张53','男',NULL,NULL,'汉族','共青团员','202310010102','100101','1001','本科','2023-09-01','2027-07-01','在读',1,NULL,NULL,NULL,NULL,'2025-04-06 13:12:59','2025-04-06 13:12:59'),('20231001010202','李88','男',NULL,NULL,'汉族','群众','202310010102','100101','1001','本科','2023-09-01','2027-07-01','在读',1,NULL,NULL,NULL,NULL,'2025-04-06 13:12:59','2025-04-06 13:12:59'),('20231001010203','张29','女',NULL,NULL,'汉族','群众','202310010102','100101','1001','本科','2023-09-01','2027-07-01','在读',1,NULL,NULL,NULL,NULL,'2025-04-06 13:12:59','2025-04-06 13:12:59'),('20231001010204','李19','男',NULL,NULL,'汉族','中共党员','202310010102','100101','1001','本科','2023-09-01','2027-07-01','在读',1,NULL,NULL,NULL,NULL,'2025-04-06 13:12:59','2025-04-06 13:12:59'),('20231001010205','张22','男',NULL,NULL,'汉族','共青团员','202310010102','100101','1001','本科','2023-09-01','2027-07-01','在读',1,NULL,NULL,NULL,NULL,'2025-04-06 13:12:59','2025-04-06 13:12:59'),('20231001010206','李64','女',NULL,NULL,'汉族','群众','202310010102','100101','1001','本科','2023-09-01','2027-07-01','在读',1,NULL,NULL,NULL,NULL,'2025-04-06 13:12:59','2025-04-06 13:12:59'),('20231001010207','张66','男',NULL,NULL,'汉族','群众','202310010102','100101','1001','本科','2023-09-01','2027-07-01','在读',1,NULL,NULL,NULL,NULL,'2025-04-06 13:12:59','2025-04-06 13:12:59'),('20231001010208','李23','男',NULL,NULL,'汉族','中共党员','202310010102','100101','1001','本科','2023-09-01','2027-07-01','在读',1,NULL,NULL,NULL,NULL,'2025-04-06 13:12:59','2025-04-06 13:12:59'),('20231001010209','张16','女',NULL,NULL,'汉族','共青团员','202310010102','100101','1001','本科','2023-09-01','2027-07-01','在读',1,NULL,NULL,NULL,NULL,'2025-04-06 13:12:59','2025-04-06 13:12:59'),('20231001010210','李86','男',NULL,NULL,'汉族','群众','202310010102','100101','1001','本科','2023-09-01','2027-07-01','在读',1,NULL,NULL,NULL,NULL,'2025-04-06 13:12:59','2025-04-06 13:12:59'),('20231001010211','张71','男',NULL,NULL,'汉族','群众','202310010102','100101','1001','本科','2023-09-01','2027-07-01','在读',1,NULL,NULL,NULL,NULL,'2025-04-06 13:12:59','2025-04-06 13:12:59'),('20231001010212','李90','女',NULL,NULL,'汉族','中共党员','202310010102','100101','1001','本科','2023-09-01','2027-07-01','在读',1,NULL,NULL,NULL,NULL,'2025-04-06 13:12:59','2025-04-06 13:12:59'),('20231001010213','张94','男',NULL,NULL,'汉族','共青团员','202310010102','100101','1001','本科','2023-09-01','2027-07-01','在读',1,NULL,NULL,NULL,NULL,'2025-04-06 13:12:59','2025-04-06 13:12:59'),('20231001010214','李93','男',NULL,NULL,'汉族','群众','202310010102','100101','1001','本科','2023-09-01','2027-07-01','在读',1,NULL,NULL,NULL,NULL,'2025-04-06 13:12:59','2025-04-06 13:12:59'),('20231001010215','张90','女',NULL,NULL,'汉族','群众','202310010102','100101','1001','本科','2023-09-01','2027-07-01','在读',1,NULL,NULL,NULL,NULL,'2025-04-06 13:12:59','2025-04-06 13:12:59'),('20231001010216','李20','男',NULL,NULL,'汉族','中共党员','202310010102','100101','1001','本科','2023-09-01','2027-07-01','在读',1,NULL,NULL,NULL,NULL,'2025-04-06 13:12:59','2025-04-06 13:12:59'),('20231001010217','张36','男',NULL,NULL,'汉族','共青团员','202310010102','100101','1001','本科','2023-09-01','2027-07-01','在读',1,NULL,NULL,NULL,NULL,'2025-04-06 13:12:59','2025-04-06 13:12:59'),('20231001010218','李87','女',NULL,NULL,'汉族','群众','202310010102','100101','1001','本科','2023-09-01','2027-07-01','在读',1,NULL,NULL,NULL,NULL,'2025-04-06 13:12:59','2025-04-06 13:12:59'),('20231001010219','张0','男',NULL,NULL,'汉族','群众','202310010102','100101','1001','本科','2023-09-01','2027-07-01','在读',1,NULL,NULL,NULL,NULL,'2025-04-06 13:12:59','2025-04-06 13:12:59'),('20231001010220','李71','男',NULL,NULL,'汉族','中共党员','202310010102','100101','1001','本科','2023-09-01','2027-07-01','在读',1,NULL,NULL,NULL,NULL,'2025-04-06 13:12:59','2025-04-06 13:12:59'),('20231001010221','张85','女',NULL,NULL,'汉族','共青团员','202310010102','100101','1001','本科','2023-09-01','2027-07-01','在读',1,NULL,NULL,NULL,NULL,'2025-04-06 13:12:59','2025-04-06 13:12:59'),('20231001010222','李19','男',NULL,NULL,'汉族','群众','202310010102','100101','1001','本科','2023-09-01','2027-07-01','在读',1,NULL,NULL,NULL,NULL,'2025-04-06 13:12:59','2025-04-06 13:12:59'),('20231001010223','张70','男',NULL,NULL,'汉族','群众','202310010102','100101','1001','本科','2023-09-01','2027-07-01','在读',1,NULL,NULL,NULL,NULL,'2025-04-06 13:12:59','2025-04-06 13:12:59'),('20231001010224','李10','女',NULL,NULL,'汉族','中共党员','202310010102','100101','1001','本科','2023-09-01','2027-07-01','在读',1,NULL,NULL,NULL,NULL,'2025-04-06 13:12:59','2025-04-06 13:12:59'),('20231001010225','张94','男',NULL,NULL,'汉族','共青团员','202310010102','100101','1001','本科','2023-09-01','2027-07-01','在读',1,NULL,NULL,NULL,NULL,'2025-04-06 13:12:59','2025-04-06 13:12:59'),('20231001010226','李20','男',NULL,NULL,'汉族','群众','202310010102','100101','1001','本科','2023-09-01','2027-07-01','在读',1,NULL,NULL,NULL,NULL,'2025-04-06 13:12:59','2025-04-06 13:12:59'),('20231001010227','张35','女',NULL,NULL,'汉族','群众','202310010102','100101','1001','本科','2023-09-01','2027-07-01','在读',1,NULL,NULL,NULL,NULL,'2025-04-06 13:12:59','2025-04-06 13:12:59'),('20231001010228','李52','男',NULL,NULL,'汉族','中共党员','202310010102','100101','1001','本科','2023-09-01','2027-07-01','在读',1,NULL,NULL,NULL,NULL,'2025-04-06 13:12:59','2025-04-06 13:12:59'),('20231001010229','张76','男',NULL,NULL,'汉族','共青团员','202310010102','100101','1001','本科','2023-09-01','2027-07-01','在读',1,NULL,NULL,NULL,NULL,'2025-04-06 13:12:59','2025-04-06 13:12:59'),('20231001010230','李75','女',NULL,NULL,'汉族','群众','202310010102','100101','1001','本科','2023-09-01','2027-07-01','在读',1,NULL,NULL,NULL,NULL,'2025-04-06 13:12:59','2025-04-06 13:12:59'),('20231001010234','hemras','男','',NULL,'','','202310010101','100101','1001','本科','2025-04-09',NULL,'在读',1,'','','','','2025-04-09 10:40:09','2025-04-09 10:40:09'),('20231001010250','阿萨大','男','',NULL,'','','202310010101','100101','1001','本科','2025-04-09',NULL,'在读',1,'','','','','2025-04-09 10:50:32','2025-04-09 10:50:32'),('20231001010256','会及','男','202310010101441100','2025-05-27','汉族','中共党员','202310010101','100101','1001','本科','2025-04-09',NULL,'在读',1,'','','','','2025-04-09 10:32:00','2025-04-09 10:32:00'),('20231001010257','阿瑟东','男','',NULL,'','','202310010101','100101','1001','本科','2025-04-09',NULL,'在读',1,'','','','','2025-04-09 10:54:20','2025-04-09 10:54:20'),('20231001010267','hemras','男','',NULL,'','','202310010101','100101','1001','本科','2025-04-09',NULL,'在读',1,'','','','','2025-04-09 10:47:40','2025-04-09 10:47:40'),('20231001010268','hemras','男','',NULL,'','','202310010101','100101','1001','本科','2025-04-09',NULL,'在读',1,'','','','','2025-04-09 10:47:53','2025-04-09 10:47:53'),('20231001010269','sds','男','202310010102680099','2025-04-09','汉族','共青团员','202310010101','100101','1001','本科','2025-04-09','2029-06-20','在读',1,'','','','','2025-04-09 12:36:42','2025-04-09 12:36:42'),('20231001010270','dsf','男','202310010102691100','2025-04-09','汉族','共青团员','202310010101','100101','1001','本科','2025-04-09',NULL,'在读',1,'','','','','2025-04-09 12:39:39','2025-04-09 12:39:39'),('20231001010271','sdgf','男','202310010102700011','2025-04-09','汉族','中共党员','202310010101','100101','1001','本科','2025-04-09',NULL,'在读',1,'','','','','2025-04-09 12:46:06','2025-04-09 12:46:06'),('20231001010277','德萨','男','',NULL,'','','202310010101','100101','1001','本科','2025-04-09',NULL,'在读',1,'','','','','2025-04-09 10:56:55','2025-04-09 10:56:55'),('20231001010288','hemras','男','',NULL,'','','202310010101','100101','1001','本科','2025-04-09',NULL,'在读',1,'','','','','2025-04-09 10:47:59','2025-04-09 10:47:59'),('20231001010299','会更','男','','2025-04-09','','','202310010101','100101','1001','本科','2025-04-09',NULL,'在读',1,'','','','','2025-04-09 10:34:15','2025-04-09 10:34:15'),('20231001010902','hemras','男','',NULL,'','','202310010101','100101','1001','本科','2025-04-09',NULL,'在读',1,'','','','','2025-04-09 10:40:35','2025-04-09 10:40:35'),('20231001010999','hemras','男','',NULL,'','','202310010101','100101','1001','本科','2025-04-09',NULL,'在读',1,'','','','','2025-04-09 10:48:07','2025-04-09 10:48:07'),('20231001020101','张64','男',NULL,NULL,'汉族','共青团员','202310010201','100102','1001','本科','2023-09-01','2027-07-01','在读',1,NULL,NULL,NULL,NULL,'2025-04-06 13:12:59','2025-04-06 13:12:59'),('20231001020102','李18','男',NULL,NULL,'汉族','群众','202310010201','100102','1001','本科','2023-09-01','2027-07-01','在读',1,NULL,NULL,NULL,NULL,'2025-04-06 13:12:59','2025-04-06 13:12:59'),('20231001020103','张76','女',NULL,NULL,'汉族','群众','202310010201','100102','1001','本科','2023-09-01','2027-07-01','在读',1,NULL,NULL,NULL,NULL,'2025-04-06 13:12:59','2025-04-06 13:12:59'),('20231001020104','李54','男',NULL,NULL,'汉族','中共党员','202310010201','100102','1001','本科','2023-09-01','2027-07-01','在读',1,NULL,NULL,NULL,NULL,'2025-04-06 13:12:59','2025-04-06 13:12:59'),('20231001020105','张65','男',NULL,NULL,'汉族','共青团员','202310010201','100102','1001','本科','2023-09-01','2027-07-01','在读',1,NULL,NULL,NULL,NULL,'2025-04-06 13:12:59','2025-04-06 13:12:59'),('20231001020106','李23','女',NULL,NULL,'汉族','群众','202310010201','100102','1001','本科','2023-09-01','2027-07-01','在读',1,NULL,NULL,NULL,NULL,'2025-04-06 13:12:59','2025-04-06 13:12:59'),('20231001020107','张84','男',NULL,NULL,'汉族','群众','202310010201','100102','1001','本科','2023-09-01','2027-07-01','在读',1,NULL,NULL,NULL,NULL,'2025-04-06 13:12:59','2025-04-06 13:12:59'),('20231001020108','李99','男',NULL,NULL,'汉族','中共党员','202310010201','100102','1001','本科','2023-09-01','2027-07-01','在读',1,NULL,NULL,NULL,NULL,'2025-04-06 13:12:59','2025-04-06 13:12:59'),('20231001020109','张4','女',NULL,NULL,'汉族','共青团员','202310010201','100102','1001','本科','2023-09-01','2027-07-01','在读',1,NULL,NULL,NULL,NULL,'2025-04-06 13:12:59','2025-04-06 13:12:59'),('20231001020110','李40','男',NULL,NULL,'汉族','群众','202310010201','100102','1001','本科','2023-09-01','2027-07-01','在读',1,NULL,NULL,NULL,NULL,'2025-04-06 13:12:59','2025-04-06 13:12:59'),('20231001020111','张32','男',NULL,NULL,'汉族','群众','202310010201','100102','1001','本科','2023-09-01','2027-07-01','在读',1,NULL,NULL,NULL,NULL,'2025-04-06 13:12:59','2025-04-06 13:12:59'),('20231001020112','李7','女',NULL,NULL,'汉族','中共党员','202310010201','100102','1001','本科','2023-09-01','2027-07-01','在读',1,NULL,NULL,NULL,NULL,'2025-04-06 13:12:59','2025-04-06 13:12:59'),('20231001020113','张2','男',NULL,NULL,'汉族','共青团员','202310010201','100102','1001','本科','2023-09-01','2027-07-01','在读',1,NULL,NULL,NULL,NULL,'2025-04-06 13:12:59','2025-04-06 13:12:59'),('20231001020114','李34','男',NULL,NULL,'汉族','群众','202310010201','100102','1001','本科','2023-09-01','2027-07-01','在读',1,NULL,NULL,NULL,NULL,'2025-04-06 13:12:59','2025-04-06 13:12:59'),('20231001020115','张89','女',NULL,NULL,'汉族','群众','202310010201','100102','1001','本科','2023-09-01','2027-07-01','在读',1,NULL,NULL,NULL,NULL,'2025-04-06 13:12:59','2025-04-06 13:12:59'),('20231001020116','李38','男',NULL,NULL,'汉族','中共党员','202310010201','100102','1001','本科','2023-09-01','2027-07-01','在读',1,NULL,NULL,NULL,NULL,'2025-04-06 13:12:59','2025-04-06 13:12:59'),('20231001020117','张0','男',NULL,NULL,'汉族','共青团员','202310010201','100102','1001','本科','2023-09-01','2027-07-01','在读',1,NULL,NULL,NULL,NULL,'2025-04-06 13:12:59','2025-04-06 13:12:59'),('20231001020118','李88','女',NULL,NULL,'汉族','群众','202310010201','100102','1001','本科','2023-09-01','2027-07-01','在读',1,NULL,NULL,NULL,NULL,'2025-04-06 13:12:59','2025-04-06 13:12:59'),('20231001020119','张13','男',NULL,NULL,'汉族','群众','202310010201','100102','1001','本科','2023-09-01','2027-07-01','在读',1,NULL,NULL,NULL,NULL,'2025-04-06 13:12:59','2025-04-06 13:12:59'),('20231001020120','李59','男',NULL,NULL,'汉族','中共党员','202310010201','100102','1001','本科','2023-09-01','2027-07-01','在读',1,NULL,NULL,NULL,NULL,'2025-04-06 13:12:59','2025-04-06 13:12:59'),('20231001020121','张95','女',NULL,NULL,'汉族','共青团员','202310010201','100102','1001','本科','2023-09-01','2027-07-01','在读',1,NULL,NULL,NULL,NULL,'2025-04-06 13:12:59','2025-04-06 13:12:59'),('20231001020122','李5','男',NULL,NULL,'汉族','群众','202310010201','100102','1001','本科','2023-09-01','2027-07-01','在读',1,NULL,NULL,NULL,NULL,'2025-04-06 13:12:59','2025-04-06 13:12:59'),('20231001020123','张77','男',NULL,NULL,'汉族','群众','202310010201','100102','1001','本科','2023-09-01','2027-07-01','在读',1,NULL,NULL,NULL,NULL,'2025-04-06 13:12:59','2025-04-06 13:12:59'),('20231001020124','李60','女',NULL,NULL,'汉族','中共党员','202310010201','100102','1001','本科','2023-09-01','2027-07-01','在读',1,NULL,NULL,NULL,NULL,'2025-04-06 13:12:59','2025-04-06 13:12:59'),('20231001020125','张7','男',NULL,NULL,'汉族','共青团员','202310010201','100102','1001','本科','2023-09-01','2027-07-01','在读',1,NULL,NULL,NULL,NULL,'2025-04-06 13:12:59','2025-04-06 13:12:59'),('20231001020126','李59','男',NULL,NULL,'汉族','群众','202310010201','100102','1001','本科','2023-09-01','2027-07-01','在读',1,NULL,NULL,NULL,NULL,'2025-04-06 13:12:59','2025-04-06 13:12:59'),('20231001020127','张63','女',NULL,NULL,'汉族','群众','202310010201','100102','1001','本科','2023-09-01','2027-07-01','在读',1,NULL,NULL,NULL,NULL,'2025-04-06 13:12:59','2025-04-06 13:12:59'),('20231001020128','李19','男',NULL,NULL,'汉族','中共党员','202310010201','100102','1001','本科','2023-09-01','2027-07-01','在读',1,NULL,NULL,NULL,NULL,'2025-04-06 13:12:59','2025-04-06 13:12:59'),('20231001020129','张44','男',NULL,NULL,'汉族','共青团员','202310010201','100102','1001','本科','2023-09-01','2027-07-01','在读',1,NULL,NULL,NULL,NULL,'2025-04-06 13:12:59','2025-04-06 13:12:59'),('20231001020130','李0','女',NULL,NULL,'汉族','群众','202310010201','100102','1001','本科','2023-09-01','2027-07-01','在读',1,NULL,NULL,NULL,NULL,'2025-04-06 13:12:59','2025-04-06 13:12:59'),('20231001020201','张12','男',NULL,NULL,'汉族','共青团员','202310010202','100102','1001','本科','2023-09-01','2027-07-01','在读',1,NULL,NULL,NULL,NULL,'2025-04-06 13:12:59','2025-04-06 13:12:59'),('20231001020202','李14','男',NULL,NULL,'汉族','群众','202310010202','100102','1001','本科','2023-09-01','2027-07-01','在读',1,NULL,NULL,NULL,NULL,'2025-04-06 13:12:59','2025-04-06 13:12:59'),('20231001020203','张53','女',NULL,NULL,'汉族','群众','202310010202','100102','1001','本科','2023-09-01','2027-07-01','在读',1,NULL,NULL,NULL,NULL,'2025-04-06 13:12:59','2025-04-06 13:12:59'),('20231001020204','李84','男',NULL,NULL,'汉族','中共党员','202310010202','100102','1001','本科','2023-09-01','2027-07-01','在读',1,NULL,NULL,NULL,NULL,'2025-04-06 13:12:59','2025-04-06 13:12:59'),('20231001020205','张88','男',NULL,NULL,'汉族','共青团员','202310010202','100102','1001','本科','2023-09-01','2027-07-01','在读',1,NULL,NULL,NULL,NULL,'2025-04-06 13:12:59','2025-04-06 13:12:59'),('20231001020206','李86','女',NULL,NULL,'汉族','群众','202310010202','100102','1001','本科','2023-09-01','2027-07-01','在读',1,NULL,NULL,NULL,NULL,'2025-04-06 13:12:59','2025-04-06 13:12:59'),('20231001020207','张81','男',NULL,NULL,'汉族','群众','202310010202','100102','1001','本科','2023-09-01','2027-07-01','在读',1,NULL,NULL,NULL,NULL,'2025-04-06 13:12:59','2025-04-06 13:12:59'),('20231001020208','李40','男',NULL,NULL,'汉族','中共党员','202310010202','100102','1001','本科','2023-09-01','2027-07-01','在读',1,NULL,NULL,NULL,NULL,'2025-04-06 13:12:59','2025-04-06 13:12:59'),('20231001020209','张7','女',NULL,NULL,'汉族','共青团员','202310010202','100102','1001','本科','2023-09-01','2027-07-01','在读',1,NULL,NULL,NULL,NULL,'2025-04-06 13:12:59','2025-04-06 13:12:59'),('20231001020210','李32','男',NULL,NULL,'汉族','群众','202310010202','100102','1001','本科','2023-09-01','2027-07-01','在读',1,NULL,NULL,NULL,NULL,'2025-04-06 13:12:59','2025-04-06 13:12:59'),('20231001020211','张51','男',NULL,NULL,'汉族','群众','202310010202','100102','1001','本科','2023-09-01','2027-07-01','在读',1,NULL,NULL,NULL,NULL,'2025-04-06 13:12:59','2025-04-06 13:12:59'),('20231001020212','李74','女',NULL,NULL,'汉族','中共党员','202310010202','100102','1001','本科','2023-09-01','2027-07-01','在读',1,NULL,NULL,NULL,NULL,'2025-04-06 13:12:59','2025-04-06 13:12:59'),('20231001020213','张7','男',NULL,NULL,'汉族','共青团员','202310010202','100102','1001','本科','2023-09-01','2027-07-01','在读',1,NULL,NULL,NULL,NULL,'2025-04-06 13:12:59','2025-04-06 13:12:59'),('20231001020214','李87','男',NULL,NULL,'汉族','群众','202310010202','100102','1001','本科','2023-09-01','2027-07-01','在读',1,NULL,NULL,NULL,NULL,'2025-04-06 13:12:59','2025-04-06 13:12:59'),('20231001020215','张43','女',NULL,NULL,'汉族','群众','202310010202','100102','1001','本科','2023-09-01','2027-07-01','在读',1,NULL,NULL,NULL,NULL,'2025-04-06 13:12:59','2025-04-06 13:12:59'),('20231001020216','李9','男',NULL,NULL,'汉族','中共党员','202310010202','100102','1001','本科','2023-09-01','2027-07-01','在读',1,NULL,NULL,NULL,NULL,'2025-04-06 13:12:59','2025-04-06 13:12:59'),('20231001020217','张68','男',NULL,NULL,'汉族','共青团员','202310010202','100102','1001','本科','2023-09-01','2027-07-01','在读',1,NULL,NULL,NULL,NULL,'2025-04-06 13:12:59','2025-04-06 13:12:59'),('20231001020218','李11','女',NULL,NULL,'汉族','群众','202310010202','100102','1001','本科','2023-09-01','2027-07-01','在读',1,NULL,NULL,NULL,NULL,'2025-04-06 13:12:59','2025-04-06 13:12:59'),('20231001020219','张29','男',NULL,NULL,'汉族','群众','202310010202','100102','1001','本科','2023-09-01','2027-07-01','在读',1,NULL,NULL,NULL,NULL,'2025-04-06 13:12:59','2025-04-06 13:12:59'),('20231001020220','李44','男',NULL,NULL,'汉族','中共党员','202310010202','100102','1001','本科','2023-09-01','2027-07-01','在读',1,NULL,NULL,NULL,NULL,'2025-04-06 13:12:59','2025-04-06 13:12:59'),('20231001020221','张65','女',NULL,NULL,'汉族','共青团员','202310010202','100102','1001','本科','2023-09-01','2027-07-01','在读',1,NULL,NULL,NULL,NULL,'2025-04-06 13:12:59','2025-04-06 13:12:59'),('20231001020222','李93','男',NULL,NULL,'汉族','群众','202310010202','100102','1001','本科','2023-09-01','2027-07-01','在读',1,NULL,NULL,NULL,NULL,'2025-04-06 13:12:59','2025-04-06 13:12:59'),('20231001020223','张34','男',NULL,NULL,'汉族','群众','202310010202','100102','1001','本科','2023-09-01','2027-07-01','在读',1,NULL,NULL,NULL,NULL,'2025-04-06 13:12:59','2025-04-06 13:12:59'),('20231001020224','李26','女',NULL,NULL,'汉族','中共党员','202310010202','100102','1001','本科','2023-09-01','2027-07-01','在读',1,NULL,NULL,NULL,NULL,'2025-04-06 13:12:59','2025-04-06 13:12:59'),('20231001020225','张32','男',NULL,NULL,'汉族','共青团员','202310010202','100102','1001','本科','2023-09-01','2027-07-01','在读',1,NULL,NULL,NULL,NULL,'2025-04-06 13:12:59','2025-04-06 13:12:59'),('20231001020226','李44','男',NULL,NULL,'汉族','群众','202310010202','100102','1001','本科','2023-09-01','2027-07-01','在读',1,NULL,NULL,NULL,NULL,'2025-04-06 13:12:59','2025-04-06 13:12:59'),('20231001020227','张97','女',NULL,NULL,'汉族','群众','202310010202','100102','1001','本科','2023-09-01','2027-07-01','在读',1,NULL,NULL,NULL,NULL,'2025-04-06 13:12:59','2025-04-06 13:12:59'),('20231001020228','李80','男',NULL,NULL,'汉族','中共党员','202310010202','100102','1001','本科','2023-09-01','2027-07-01','在读',1,NULL,NULL,NULL,NULL,'2025-04-06 13:12:59','2025-04-06 13:12:59'),('20231001020229','张35','男',NULL,NULL,'汉族','共青团员','202310010202','100102','1001','本科','2023-09-01','2027-07-01','在读',1,NULL,NULL,NULL,NULL,'2025-04-06 13:12:59','2025-04-06 13:12:59'),('20231001020230','李65','女',NULL,NULL,'汉族','群众','202310010202','100102','1001','本科','2023-09-01','2027-07-01','在读',1,NULL,NULL,NULL,NULL,'2025-04-06 13:12:59','2025-04-06 13:12:59'),('20231002010101','张70','男',NULL,NULL,'汉族','共青团员','202310020101','100201','1002','本科','2023-09-01','2027-07-01','在读',1,NULL,NULL,NULL,NULL,'2025-04-06 13:12:59','2025-04-06 13:12:59'),('20231002010102','李52','男',NULL,NULL,'汉族','群众','202310020101','100201','1002','本科','2023-09-01','2027-07-01','在读',1,NULL,NULL,NULL,NULL,'2025-04-06 13:12:59','2025-04-06 13:12:59'),('20231002010103','张97','女',NULL,NULL,'汉族','群众','202310020101','100201','1002','本科','2023-09-01','2027-07-01','在读',1,NULL,NULL,NULL,NULL,'2025-04-06 13:12:59','2025-04-06 13:12:59'),('20231002010104','李44','男',NULL,NULL,'汉族','中共党员','202310020101','100201','1002','本科','2023-09-01','2027-07-01','在读',1,NULL,NULL,NULL,NULL,'2025-04-06 13:12:59','2025-04-06 13:12:59'),('20231002010105','张8','男',NULL,NULL,'汉族','共青团员','202310020101','100201','1002','本科','2023-09-01','2027-07-01','在读',1,NULL,NULL,NULL,NULL,'2025-04-06 13:12:59','2025-04-06 13:12:59'),('20231002010106','李98','女',NULL,NULL,'汉族','群众','202310020101','100201','1002','本科','2023-09-01','2027-07-01','在读',1,NULL,NULL,NULL,NULL,'2025-04-06 13:12:59','2025-04-06 13:12:59'),('20231002010107','张28','男',NULL,NULL,'汉族','群众','202310020101','100201','1002','本科','2023-09-01','2027-07-01','在读',1,NULL,NULL,NULL,NULL,'2025-04-06 13:12:59','2025-04-06 13:12:59'),('20231002010108','李14','男',NULL,NULL,'汉族','中共党员','202310020101','100201','1002','本科','2023-09-01','2027-07-01','在读',1,NULL,NULL,NULL,NULL,'2025-04-06 13:12:59','2025-04-06 13:12:59'),('20231002010109','张48','女',NULL,NULL,'汉族','共青团员','202310020101','100201','1002','本科','2023-09-01','2027-07-01','在读',1,NULL,NULL,NULL,NULL,'2025-04-06 13:12:59','2025-04-06 13:12:59'),('20231002010110','李8','男',NULL,NULL,'汉族','群众','202310020101','100201','1002','本科','2023-09-01','2027-07-01','在读',1,NULL,NULL,NULL,NULL,'2025-04-06 13:12:59','2025-04-06 13:12:59'),('20231002010111','张98','男',NULL,NULL,'汉族','群众','202310020101','100201','1002','本科','2023-09-01','2027-07-01','在读',1,NULL,NULL,NULL,NULL,'2025-04-06 13:12:59','2025-04-06 13:12:59'),('20231002010112','李28','女',NULL,NULL,'汉族','中共党员','202310020101','100201','1002','本科','2023-09-01','2027-07-01','在读',1,NULL,NULL,NULL,NULL,'2025-04-06 13:12:59','2025-04-06 13:12:59'),('20231002010113','张81','男',NULL,NULL,'汉族','共青团员','202310020101','100201','1002','本科','2023-09-01','2027-07-01','在读',1,NULL,NULL,NULL,NULL,'2025-04-06 13:12:59','2025-04-06 13:12:59'),('20231002010114','李25','男',NULL,NULL,'汉族','群众','202310020101','100201','1002','本科','2023-09-01','2027-07-01','在读',1,NULL,NULL,NULL,NULL,'2025-04-06 13:12:59','2025-04-06 13:12:59'),('20231002010115','张48','女',NULL,NULL,'汉族','群众','202310020101','100201','1002','本科','2023-09-01','2027-07-01','在读',1,NULL,NULL,NULL,NULL,'2025-04-06 13:12:59','2025-04-06 13:12:59'),('20231002010116','李73','男',NULL,NULL,'汉族','中共党员','202310020101','100201','1002','本科','2023-09-01','2027-07-01','在读',1,NULL,NULL,NULL,NULL,'2025-04-06 13:12:59','2025-04-06 13:12:59'),('20231002010117','张38','男',NULL,NULL,'汉族','共青团员','202310020101','100201','1002','本科','2023-09-01','2027-07-01','在读',1,NULL,NULL,NULL,NULL,'2025-04-06 13:12:59','2025-04-06 13:12:59'),('20231002010118','李40','女',NULL,NULL,'汉族','群众','202310020101','100201','1002','本科','2023-09-01','2027-07-01','在读',1,NULL,NULL,NULL,NULL,'2025-04-06 13:12:59','2025-04-06 13:12:59'),('20231002010119','张87','男',NULL,NULL,'汉族','群众','202310020101','100201','1002','本科','2023-09-01','2027-07-01','在读',1,NULL,NULL,NULL,NULL,'2025-04-06 13:12:59','2025-04-06 13:12:59'),('20231002010120','李65','男',NULL,NULL,'汉族','中共党员','202310020101','100201','1002','本科','2023-09-01','2027-07-01','在读',1,NULL,NULL,NULL,NULL,'2025-04-06 13:12:59','2025-04-06 13:12:59'),('20231002010121','张80','女',NULL,NULL,'汉族','共青团员','202310020101','100201','1002','本科','2023-09-01','2027-07-01','在读',1,NULL,NULL,NULL,NULL,'2025-04-06 13:12:59','2025-04-06 13:12:59'),('20231002010122','李45','男',NULL,NULL,'汉族','群众','202310020101','100201','1002','本科','2023-09-01','2027-07-01','在读',1,NULL,NULL,NULL,NULL,'2025-04-06 13:12:59','2025-04-06 13:12:59'),('20231002010123','张15','男',NULL,NULL,'汉族','群众','202310020101','100201','1002','本科','2023-09-01','2027-07-01','在读',1,NULL,NULL,NULL,NULL,'2025-04-06 13:12:59','2025-04-06 13:12:59'),('20231002010124','李11','女',NULL,NULL,'汉族','中共党员','202310020101','100201','1002','本科','2023-09-01','2027-07-01','在读',1,NULL,NULL,NULL,NULL,'2025-04-06 13:12:59','2025-04-06 13:12:59'),('20231002010125','张46','男',NULL,NULL,'汉族','共青团员','202310020101','100201','1002','本科','2023-09-01','2027-07-01','在读',1,NULL,NULL,NULL,NULL,'2025-04-06 13:12:59','2025-04-06 13:12:59'),('20231002010126','李74','男',NULL,NULL,'汉族','群众','202310020101','100201','1002','本科','2023-09-01','2027-07-01','在读',1,NULL,NULL,NULL,NULL,'2025-04-06 13:12:59','2025-04-06 13:12:59'),('20231002010127','张41','女',NULL,NULL,'汉族','群众','202310020101','100201','1002','本科','2023-09-01','2027-07-01','在读',1,NULL,NULL,NULL,NULL,'2025-04-06 13:12:59','2025-04-06 13:12:59'),('20231002010128','李44','男',NULL,NULL,'汉族','中共党员','202310020101','100201','1002','本科','2023-09-01','2027-07-01','在读',1,NULL,NULL,NULL,NULL,'2025-04-06 13:12:59','2025-04-06 13:12:59'),('20231002010129','张60','男',NULL,NULL,'汉族','共青团员','202310020101','100201','1002','本科','2023-09-01','2027-07-01','在读',1,NULL,NULL,NULL,NULL,'2025-04-06 13:12:59','2025-04-06 13:12:59'),('20231002010130','李19','女',NULL,NULL,'汉族','群众','202310020101','100201','1002','本科','2023-09-01','2027-07-01','在读',1,NULL,NULL,NULL,NULL,'2025-04-06 13:12:59','2025-04-06 13:12:59'),('20231002010201','张70','男',NULL,NULL,'汉族','共青团员','202310020102','100201','1002','本科','2023-09-01','2027-07-01','在读',1,NULL,NULL,NULL,NULL,'2025-04-06 13:12:59','2025-04-06 13:12:59'),('20231002010202','李75','男',NULL,NULL,'汉族','群众','202310020102','100201','1002','本科','2023-09-01','2027-07-01','在读',1,NULL,NULL,NULL,NULL,'2025-04-06 13:12:59','2025-04-06 13:12:59'),('20231002010203','张35','女',NULL,NULL,'汉族','群众','202310020102','100201','1002','本科','2023-09-01','2027-07-01','在读',1,NULL,NULL,NULL,NULL,'2025-04-06 13:12:59','2025-04-06 13:12:59'),('20231002010204','李0','男',NULL,NULL,'汉族','中共党员','202310020102','100201','1002','本科','2023-09-01','2027-07-01','在读',1,NULL,NULL,NULL,NULL,'2025-04-06 13:12:59','2025-04-06 13:12:59'),('20231002010205','张55','男',NULL,NULL,'汉族','共青团员','202310020102','100201','1002','本科','2023-09-01','2027-07-01','在读',1,NULL,NULL,NULL,NULL,'2025-04-06 13:12:59','2025-04-06 13:12:59'),('20231002010206','李59','女',NULL,NULL,'汉族','群众','202310020102','100201','1002','本科','2023-09-01','2027-07-01','在读',1,NULL,NULL,NULL,NULL,'2025-04-06 13:12:59','2025-04-06 13:12:59'),('20231002010207','张46','男',NULL,NULL,'汉族','群众','202310020102','100201','1002','本科','2023-09-01','2027-07-01','在读',1,NULL,NULL,NULL,NULL,'2025-04-06 13:12:59','2025-04-06 13:12:59'),('20231002010208','李24','男',NULL,NULL,'汉族','中共党员','202310020102','100201','1002','本科','2023-09-01','2027-07-01','在读',1,NULL,NULL,NULL,NULL,'2025-04-06 13:12:59','2025-04-06 13:12:59'),('20231002010209','张58','女',NULL,NULL,'汉族','共青团员','202310020102','100201','1002','本科','2023-09-01','2027-07-01','在读',1,NULL,NULL,NULL,NULL,'2025-04-06 13:12:59','2025-04-06 13:12:59'),('20231002010210','李90','男',NULL,NULL,'汉族','群众','202310020102','100201','1002','本科','2023-09-01','2027-07-01','在读',1,NULL,NULL,NULL,NULL,'2025-04-06 13:12:59','2025-04-06 13:12:59'),('20231002010211','张63','男',NULL,NULL,'汉族','群众','202310020102','100201','1002','本科','2023-09-01','2027-07-01','在读',1,NULL,NULL,NULL,NULL,'2025-04-06 13:12:59','2025-04-06 13:12:59'),('20231002010212','李76','女',NULL,NULL,'汉族','中共党员','202310020102','100201','1002','本科','2023-09-01','2027-07-01','在读',1,NULL,NULL,NULL,NULL,'2025-04-06 13:12:59','2025-04-06 13:12:59'),('20231002010213','张72','男',NULL,NULL,'汉族','共青团员','202310020102','100201','1002','本科','2023-09-01','2027-07-01','在读',1,NULL,NULL,NULL,NULL,'2025-04-06 13:12:59','2025-04-06 13:12:59'),('20231002010214','李95','男',NULL,NULL,'汉族','群众','202310020102','100201','1002','本科','2023-09-01','2027-07-01','在读',1,NULL,NULL,NULL,NULL,'2025-04-06 13:12:59','2025-04-06 13:12:59'),('20231002010215','张68','女',NULL,NULL,'汉族','群众','202310020102','100201','1002','本科','2023-09-01','2027-07-01','在读',1,NULL,NULL,NULL,NULL,'2025-04-06 13:12:59','2025-04-06 13:12:59'),('20231002010216','李48','男',NULL,NULL,'汉族','中共党员','202310020102','100201','1002','本科','2023-09-01','2027-07-01','在读',1,NULL,NULL,NULL,NULL,'2025-04-06 13:12:59','2025-04-06 13:12:59'),('20231002010217','张91','男',NULL,NULL,'汉族','共青团员','202310020102','100201','1002','本科','2023-09-01','2027-07-01','在读',1,NULL,NULL,NULL,NULL,'2025-04-06 13:12:59','2025-04-06 13:12:59'),('20231002010218','李35','女',NULL,NULL,'汉族','群众','202310020102','100201','1002','本科','2023-09-01','2027-07-01','在读',1,NULL,NULL,NULL,NULL,'2025-04-06 13:12:59','2025-04-06 13:12:59'),('20231002010219','张62','男',NULL,NULL,'汉族','群众','202310020102','100201','1002','本科','2023-09-01','2027-07-01','在读',1,NULL,NULL,NULL,NULL,'2025-04-06 13:12:59','2025-04-06 13:12:59'),('20231002010220','李58','男',NULL,NULL,'汉族','中共党员','202310020102','100201','1002','本科','2023-09-01','2027-07-01','在读',1,NULL,NULL,NULL,NULL,'2025-04-06 13:12:59','2025-04-06 13:12:59'),('20231002010221','张44','女',NULL,NULL,'汉族','共青团员','202310020102','100201','1002','本科','2023-09-01','2027-07-01','在读',1,NULL,NULL,NULL,NULL,'2025-04-06 13:12:59','2025-04-06 13:12:59'),('20231002010222','李53','男',NULL,NULL,'汉族','群众','202310020102','100201','1002','本科','2023-09-01','2027-07-01','在读',1,NULL,NULL,NULL,NULL,'2025-04-06 13:12:59','2025-04-06 13:12:59'),('20231002010223','张8','男',NULL,NULL,'汉族','群众','202310020102','100201','1002','本科','2023-09-01','2027-07-01','在读',1,NULL,NULL,NULL,NULL,'2025-04-06 13:12:59','2025-04-06 13:12:59'),('20231002010224','李29','女',NULL,NULL,'汉族','中共党员','202310020102','100201','1002','本科','2023-09-01','2027-07-01','在读',1,NULL,NULL,NULL,NULL,'2025-04-06 13:12:59','2025-04-06 13:12:59'),('20231002010225','张46','男',NULL,NULL,'汉族','共青团员','202310020102','100201','1002','本科','2023-09-01','2027-07-01','在读',1,NULL,NULL,NULL,NULL,'2025-04-06 13:12:59','2025-04-06 13:12:59'),('20231002010226','李66','男',NULL,NULL,'汉族','群众','202310020102','100201','1002','本科','2023-09-01','2027-07-01','在读',1,NULL,NULL,NULL,NULL,'2025-04-06 13:12:59','2025-04-06 13:12:59'),('20231002010227','张96','女',NULL,NULL,'汉族','群众','202310020102','100201','1002','本科','2023-09-01','2027-07-01','在读',1,NULL,NULL,NULL,NULL,'2025-04-06 13:12:59','2025-04-06 13:12:59'),('20231002010228','李38','男',NULL,NULL,'汉族','中共党员','202310020102','100201','1002','本科','2023-09-01','2027-07-01','在读',1,NULL,NULL,NULL,NULL,'2025-04-06 13:12:59','2025-04-06 13:12:59'),('20231002010229','张64','男',NULL,NULL,'汉族','共青团员','202310020102','100201','1002','本科','2023-09-01','2027-07-01','在读',1,NULL,NULL,NULL,NULL,'2025-04-06 13:12:59','2025-04-06 13:12:59'),('20231002010230','李95','女',NULL,NULL,'汉族','群众','202310020102','100201','1002','本科','2023-09-01','2027-07-01','在读',1,NULL,NULL,NULL,NULL,'2025-04-06 13:12:59','2025-04-06 13:12:59'),('20231002010250','黎俊炜','男','440111200404198117','2025-04-09','汉族','共青团员','202310010101','100101','1001','本科','2025-04-09',NULL,'在读',1,'','','','','2025-04-09 10:59:05','2025-04-09 10:59:05'),('20231003010101','张28','男',NULL,NULL,'汉族','共青团员','202310030101','100301','1003','本科','2023-09-01','2027-07-01','在读',1,NULL,NULL,NULL,NULL,'2025-04-06 13:12:59','2025-04-06 13:12:59'),('20231003010102','李20','男',NULL,NULL,'汉族','群众','202310030101','100301','1003','本科','2023-09-01','2027-07-01','在读',1,NULL,NULL,NULL,NULL,'2025-04-06 13:12:59','2025-04-06 13:12:59'),('20231003010103','张91','女',NULL,NULL,'汉族','群众','202310030101','100301','1003','本科','2023-09-01','2027-07-01','在读',1,NULL,NULL,NULL,NULL,'2025-04-06 13:12:59','2025-04-06 13:12:59'),('20231003010104','李45','男',NULL,NULL,'汉族','中共党员','202310030101','100301','1003','本科','2023-09-01','2027-07-01','在读',1,NULL,NULL,NULL,NULL,'2025-04-06 13:12:59','2025-04-06 13:12:59'),('20231003010105','张79','男',NULL,NULL,'汉族','共青团员','202310030101','100301','1003','本科','2023-09-01','2027-07-01','在读',1,NULL,NULL,NULL,NULL,'2025-04-06 13:12:59','2025-04-06 13:12:59'),('20231003010106','李16','女',NULL,NULL,'汉族','群众','202310030101','100301','1003','本科','2023-09-01','2027-07-01','在读',1,NULL,NULL,NULL,NULL,'2025-04-06 13:12:59','2025-04-06 13:12:59'),('20231003010107','张68','男',NULL,NULL,'汉族','群众','202310030101','100301','1003','本科','2023-09-01','2027-07-01','在读',1,NULL,NULL,NULL,NULL,'2025-04-06 13:12:59','2025-04-06 13:12:59'),('20231003010108','李41','男',NULL,NULL,'汉族','中共党员','202310030101','100301','1003','本科','2023-09-01','2027-07-01','在读',1,NULL,NULL,NULL,NULL,'2025-04-06 13:12:59','2025-04-06 13:12:59'),('20231003010109','张13','女',NULL,NULL,'汉族','共青团员','202310030101','100301','1003','本科','2023-09-01','2027-07-01','在读',1,NULL,NULL,NULL,NULL,'2025-04-06 13:12:59','2025-04-06 13:12:59'),('20231003010110','李8','男',NULL,NULL,'汉族','群众','202310030101','100301','1003','本科','2023-09-01','2027-07-01','在读',1,NULL,NULL,NULL,NULL,'2025-04-06 13:12:59','2025-04-06 13:12:59'),('20231003010111','张9','男',NULL,NULL,'汉族','群众','202310030101','100301','1003','本科','2023-09-01','2027-07-01','在读',1,NULL,NULL,NULL,NULL,'2025-04-06 13:12:59','2025-04-06 13:12:59'),('20231003010112','李79','女',NULL,NULL,'汉族','中共党员','202310030101','100301','1003','本科','2023-09-01','2027-07-01','在读',1,NULL,NULL,NULL,NULL,'2025-04-06 13:12:59','2025-04-06 13:12:59'),('20231003010113','张95','男',NULL,NULL,'汉族','共青团员','202310030101','100301','1003','本科','2023-09-01','2027-07-01','在读',1,NULL,NULL,NULL,NULL,'2025-04-06 13:12:59','2025-04-06 13:12:59'),('20231003010114','李66','男',NULL,NULL,'汉族','群众','202310030101','100301','1003','本科','2023-09-01','2027-07-01','在读',1,NULL,NULL,NULL,NULL,'2025-04-06 13:12:59','2025-04-06 13:12:59'),('20231003010115','张78','女',NULL,NULL,'汉族','群众','202310030101','100301','1003','本科','2023-09-01','2027-07-01','在读',1,NULL,NULL,NULL,NULL,'2025-04-06 13:12:59','2025-04-06 13:12:59'),('20231003010116','李8','男',NULL,NULL,'汉族','中共党员','202310030101','100301','1003','本科','2023-09-01','2027-07-01','在读',1,NULL,NULL,NULL,NULL,'2025-04-06 13:12:59','2025-04-06 13:12:59'),('20231003010117','张21','男',NULL,NULL,'汉族','共青团员','202310030101','100301','1003','本科','2023-09-01','2027-07-01','在读',1,NULL,NULL,NULL,NULL,'2025-04-06 13:12:59','2025-04-06 13:12:59'),('20231003010118','李66','女',NULL,NULL,'汉族','群众','202310030101','100301','1003','本科','2023-09-01','2027-07-01','在读',1,NULL,NULL,NULL,NULL,'2025-04-06 13:12:59','2025-04-06 13:12:59'),('20231003010119','张36','男',NULL,NULL,'汉族','群众','202310030101','100301','1003','本科','2023-09-01','2027-07-01','在读',1,NULL,NULL,NULL,NULL,'2025-04-06 13:12:59','2025-04-06 13:12:59'),('20231003010120','李5','男',NULL,NULL,'汉族','中共党员','202310030101','100301','1003','本科','2023-09-01','2027-07-01','在读',1,NULL,NULL,NULL,NULL,'2025-04-06 13:12:59','2025-04-06 13:12:59'),('20231003010121','张96','女',NULL,NULL,'汉族','共青团员','202310030101','100301','1003','本科','2023-09-01','2027-07-01','在读',1,NULL,NULL,NULL,NULL,'2025-04-06 13:12:59','2025-04-06 13:12:59'),('20231003010122','李92','男',NULL,NULL,'汉族','群众','202310030101','100301','1003','本科','2023-09-01','2027-07-01','在读',1,NULL,NULL,NULL,NULL,'2025-04-06 13:12:59','2025-04-06 13:12:59'),('20231003010123','张22','男',NULL,NULL,'汉族','群众','202310030101','100301','1003','本科','2023-09-01','2027-07-01','在读',1,NULL,NULL,NULL,NULL,'2025-04-06 13:12:59','2025-04-06 13:12:59'),('20231003010124','李39','女',NULL,NULL,'汉族','中共党员','202310030101','100301','1003','本科','2023-09-01','2027-07-01','在读',1,NULL,NULL,NULL,NULL,'2025-04-06 13:12:59','2025-04-06 13:12:59'),('20231003010125','张24','男',NULL,NULL,'汉族','共青团员','202310030101','100301','1003','本科','2023-09-01','2027-07-01','在读',1,NULL,NULL,NULL,NULL,'2025-04-06 13:12:59','2025-04-06 13:12:59'),('20231003010126','李61','男',NULL,NULL,'汉族','群众','202310030101','100301','1003','本科','2023-09-01','2027-07-01','在读',1,NULL,NULL,NULL,NULL,'2025-04-06 13:12:59','2025-04-06 13:12:59'),('20231003010127','张61','女',NULL,NULL,'汉族','群众','202310030101','100301','1003','本科','2023-09-01','2027-07-01','在读',1,NULL,NULL,NULL,NULL,'2025-04-06 13:12:59','2025-04-06 13:12:59'),('20231003010128','李47','男',NULL,NULL,'汉族','中共党员','202310030101','100301','1003','本科','2023-09-01','2027-07-01','在读',1,NULL,NULL,NULL,NULL,'2025-04-06 13:12:59','2025-04-06 13:12:59'),('20231003010129','张26','男',NULL,NULL,'汉族','共青团员','202310030101','100301','1003','本科','2023-09-01','2027-07-01','在读',1,NULL,NULL,NULL,NULL,'2025-04-06 13:12:59','2025-04-06 13:12:59'),('20231003010130','李27','女',NULL,NULL,'汉族','群众','202310030101','100301','1003','本科','2023-09-01','2027-07-01','在读',1,NULL,NULL,NULL,NULL,'2025-04-06 13:12:59','2025-04-06 13:12:59'),('20231003010201','张28','男',NULL,NULL,'汉族','共青团员','202310030102','100301','1003','本科','2023-09-01','2027-07-01','在读',1,NULL,NULL,NULL,NULL,'2025-04-06 13:12:59','2025-04-06 13:12:59'),('20231003010202','李74','男',NULL,NULL,'汉族','群众','202310030102','100301','1003','本科','2023-09-01','2027-07-01','在读',1,NULL,NULL,NULL,NULL,'2025-04-06 13:12:59','2025-04-06 13:12:59'),('20231003010203','张47','女',NULL,NULL,'汉族','群众','202310030102','100301','1003','本科','2023-09-01','2027-07-01','在读',1,NULL,NULL,NULL,NULL,'2025-04-06 13:12:59','2025-04-06 13:12:59'),('20231003010204','李21','男',NULL,NULL,'汉族','中共党员','202310030102','100301','1003','本科','2023-09-01','2027-07-01','在读',1,NULL,NULL,NULL,NULL,'2025-04-06 13:12:59','2025-04-06 13:12:59'),('20231003010205','张86','男',NULL,NULL,'汉族','共青团员','202310030102','100301','1003','本科','2023-09-01','2027-07-01','在读',1,NULL,NULL,NULL,NULL,'2025-04-06 13:12:59','2025-04-06 13:12:59'),('20231003010206','李3','女',NULL,NULL,'汉族','群众','202310030102','100301','1003','本科','2023-09-01','2027-07-01','在读',1,NULL,NULL,NULL,NULL,'2025-04-06 13:12:59','2025-04-06 13:12:59'),('20231003010207','张10','男',NULL,NULL,'汉族','群众','202310030102','100301','1003','本科','2023-09-01','2027-07-01','在读',1,NULL,NULL,NULL,NULL,'2025-04-06 13:12:59','2025-04-06 13:12:59'),('20231003010208','李16','男',NULL,NULL,'汉族','中共党员','202310030102','100301','1003','本科','2023-09-01','2027-07-01','在读',1,NULL,NULL,NULL,NULL,'2025-04-06 13:12:59','2025-04-06 13:12:59'),('20231003010209','张56','女',NULL,NULL,'汉族','共青团员','202310030102','100301','1003','本科','2023-09-01','2027-07-01','在读',1,NULL,NULL,NULL,NULL,'2025-04-06 13:12:59','2025-04-06 13:12:59'),('20231003010210','李56','男',NULL,NULL,'汉族','群众','202310030102','100301','1003','本科','2023-09-01','2027-07-01','在读',1,NULL,NULL,NULL,NULL,'2025-04-06 13:12:59','2025-04-06 13:12:59'),('20231003010211','张41','男',NULL,NULL,'汉族','群众','202310030102','100301','1003','本科','2023-09-01','2027-07-01','在读',1,NULL,NULL,NULL,NULL,'2025-04-06 13:12:59','2025-04-06 13:12:59'),('20231003010212','李16','女',NULL,NULL,'汉族','中共党员','202310030102','100301','1003','本科','2023-09-01','2027-07-01','在读',1,NULL,NULL,NULL,NULL,'2025-04-06 13:12:59','2025-04-06 13:12:59'),('20231003010213','张47','男',NULL,NULL,'汉族','共青团员','202310030102','100301','1003','本科','2023-09-01','2027-07-01','在读',1,NULL,NULL,NULL,NULL,'2025-04-06 13:12:59','2025-04-06 13:12:59'),('20231003010214','李6','男',NULL,NULL,'汉族','群众','202310030102','100301','1003','本科','2023-09-01','2027-07-01','在读',1,NULL,NULL,NULL,NULL,'2025-04-06 13:12:59','2025-04-06 13:12:59'),('20231003010215','张61','女',NULL,NULL,'汉族','群众','202310030102','100301','1003','本科','2023-09-01','2027-07-01','在读',1,NULL,NULL,NULL,NULL,'2025-04-06 13:12:59','2025-04-06 13:12:59'),('20231003010216','李67','男',NULL,NULL,'汉族','中共党员','202310030102','100301','1003','本科','2023-09-01','2027-07-01','在读',1,NULL,NULL,NULL,NULL,'2025-04-06 13:12:59','2025-04-06 13:12:59'),('20231003010217','张58','男',NULL,NULL,'汉族','共青团员','202310030102','100301','1003','本科','2023-09-01','2027-07-01','在读',1,NULL,NULL,NULL,NULL,'2025-04-06 13:12:59','2025-04-06 13:12:59'),('20231003010218','李8','女',NULL,NULL,'汉族','群众','202310030102','100301','1003','本科','2023-09-01','2027-07-01','在读',1,NULL,NULL,NULL,NULL,'2025-04-06 13:12:59','2025-04-06 13:12:59'),('20231003010219','张60','男',NULL,NULL,'汉族','群众','202310030102','100301','1003','本科','2023-09-01','2027-07-01','在读',1,NULL,NULL,NULL,NULL,'2025-04-06 13:12:59','2025-04-06 13:12:59'),('20231003010220','李98','男',NULL,NULL,'汉族','中共党员','202310030102','100301','1003','本科','2023-09-01','2027-07-01','在读',1,NULL,NULL,NULL,NULL,'2025-04-06 13:12:59','2025-04-06 13:12:59'),('20231003010221','张44','女',NULL,NULL,'汉族','共青团员','202310030102','100301','1003','本科','2023-09-01','2027-07-01','在读',1,NULL,NULL,NULL,NULL,'2025-04-06 13:12:59','2025-04-06 13:12:59'),('20231003010222','李74','男',NULL,NULL,'汉族','群众','202310030102','100301','1003','本科','2023-09-01','2027-07-01','在读',1,NULL,NULL,NULL,NULL,'2025-04-06 13:12:59','2025-04-06 13:12:59'),('20231003010223','张75','男',NULL,NULL,'汉族','群众','202310030102','100301','1003','本科','2023-09-01','2027-07-01','在读',1,NULL,NULL,NULL,NULL,'2025-04-06 13:12:59','2025-04-06 13:12:59'),('20231003010224','李67','女',NULL,NULL,'汉族','中共党员','202310030102','100301','1003','本科','2023-09-01','2027-07-01','在读',1,NULL,NULL,NULL,NULL,'2025-04-06 13:12:59','2025-04-06 13:12:59'),('20231003010225','张54','男',NULL,NULL,'汉族','共青团员','202310030102','100301','1003','本科','2023-09-01','2027-07-01','在读',1,NULL,NULL,NULL,NULL,'2025-04-06 13:12:59','2025-04-06 13:12:59'),('20231003010226','李68','男',NULL,NULL,'汉族','群众','202310030102','100301','1003','本科','2023-09-01','2027-07-01','在读',1,NULL,NULL,NULL,NULL,'2025-04-06 13:12:59','2025-04-06 13:12:59'),('20231003010227','张96','女',NULL,NULL,'汉族','群众','202310030102','100301','1003','本科','2023-09-01','2027-07-01','在读',1,NULL,NULL,NULL,NULL,'2025-04-06 13:12:59','2025-04-06 13:12:59'),('20231003010228','李3','男',NULL,NULL,'汉族','中共党员','202310030102','100301','1003','本科','2023-09-01','2027-07-01','在读',1,NULL,NULL,NULL,NULL,'2025-04-06 13:12:59','2025-04-06 13:12:59'),('20231003010229','张7','男',NULL,NULL,'汉族','共青团员','202310030102','100301','1003','本科','2023-09-01','2027-07-01','在读',1,NULL,NULL,NULL,NULL,'2025-04-06 13:12:59','2025-04-06 13:12:59'),('20231003010230','李78','女',NULL,NULL,'汉族','群众','202310030102','100301','1003','本科','2023-09-01','2027-07-01','在读',1,NULL,NULL,NULL,NULL,'2025-04-06 13:12:59','2025-04-06 13:12:59'),('20231004010101','张12','男',NULL,NULL,'汉族','共青团员','202310040101','100401','1004','本科','2023-09-01','2027-07-01','在读',1,NULL,NULL,NULL,NULL,'2025-04-06 13:12:59','2025-04-06 13:12:59'),('20231004010102','李72','男',NULL,NULL,'汉族','群众','202310040101','100401','1004','本科','2023-09-01','2027-07-01','在读',1,NULL,NULL,NULL,NULL,'2025-04-06 13:12:59','2025-04-06 13:12:59'),('20231004010103','张50','女',NULL,NULL,'汉族','群众','202310040101','100401','1004','本科','2023-09-01','2027-07-01','在读',1,NULL,NULL,NULL,NULL,'2025-04-06 13:12:59','2025-04-06 13:12:59'),('20231004010104','李60','男',NULL,NULL,'汉族','中共党员','202310040101','100401','1004','本科','2023-09-01','2027-07-01','在读',1,NULL,NULL,NULL,NULL,'2025-04-06 13:12:59','2025-04-06 13:12:59'),('20231004010105','张83','男',NULL,NULL,'汉族','共青团员','202310040101','100401','1004','本科','2023-09-01','2027-07-01','在读',1,NULL,NULL,NULL,NULL,'2025-04-06 13:12:59','2025-04-06 13:12:59'),('20231004010106','李85','女',NULL,NULL,'汉族','群众','202310040101','100401','1004','本科','2023-09-01','2027-07-01','在读',1,NULL,NULL,NULL,NULL,'2025-04-06 13:12:59','2025-04-06 13:12:59'),('20231004010107','张48','男',NULL,NULL,'汉族','群众','202310040101','100401','1004','本科','2023-09-01','2027-07-01','在读',1,NULL,NULL,NULL,NULL,'2025-04-06 13:12:59','2025-04-06 13:12:59'),('20231004010108','李52','男',NULL,NULL,'汉族','中共党员','202310040101','100401','1004','本科','2023-09-01','2027-07-01','在读',1,NULL,NULL,NULL,NULL,'2025-04-06 13:12:59','2025-04-06 13:12:59'),('20231004010109','张37','女',NULL,NULL,'汉族','共青团员','202310040101','100401','1004','本科','2023-09-01','2027-07-01','在读',1,NULL,NULL,NULL,NULL,'2025-04-06 13:12:59','2025-04-06 13:12:59'),('20231004010110','李45','男',NULL,NULL,'汉族','群众','202310040101','100401','1004','本科','2023-09-01','2027-07-01','在读',1,NULL,NULL,NULL,NULL,'2025-04-06 13:12:59','2025-04-06 13:12:59'),('20231004010111','张96','男',NULL,NULL,'汉族','群众','202310040101','100401','1004','本科','2023-09-01','2027-07-01','在读',1,NULL,NULL,NULL,NULL,'2025-04-06 13:12:59','2025-04-06 13:12:59'),('20231004010112','李78','女',NULL,NULL,'汉族','中共党员','202310040101','100401','1004','本科','2023-09-01','2027-07-01','在读',1,NULL,NULL,NULL,NULL,'2025-04-06 13:12:59','2025-04-06 13:12:59'),('20231004010113','张65','男',NULL,NULL,'汉族','共青团员','202310040101','100401','1004','本科','2023-09-01','2027-07-01','在读',1,NULL,NULL,NULL,NULL,'2025-04-06 13:12:59','2025-04-06 13:12:59'),('20231004010114','李16','男',NULL,NULL,'汉族','群众','202310040101','100401','1004','本科','2023-09-01','2027-07-01','在读',1,NULL,NULL,NULL,NULL,'2025-04-06 13:12:59','2025-04-06 13:12:59'),('20231004010115','张5','女',NULL,NULL,'汉族','群众','202310040101','100401','1004','本科','2023-09-01','2027-07-01','在读',1,NULL,NULL,NULL,NULL,'2025-04-06 13:12:59','2025-04-06 13:12:59'),('20231004010116','李70','男',NULL,NULL,'汉族','中共党员','202310040101','100401','1004','本科','2023-09-01','2027-07-01','在读',1,NULL,NULL,NULL,NULL,'2025-04-06 13:12:59','2025-04-06 13:12:59'),('20231004010117','张82','男',NULL,NULL,'汉族','共青团员','202310040101','100401','1004','本科','2023-09-01','2027-07-01','在读',1,NULL,NULL,NULL,NULL,'2025-04-06 13:12:59','2025-04-06 13:12:59'),('20231004010118','李47','女',NULL,NULL,'汉族','群众','202310040101','100401','1004','本科','2023-09-01','2027-07-01','在读',1,NULL,NULL,NULL,NULL,'2025-04-06 13:12:59','2025-04-06 13:12:59'),('20231004010119','张85','男',NULL,NULL,'汉族','群众','202310040101','100401','1004','本科','2023-09-01','2027-07-01','在读',1,NULL,NULL,NULL,NULL,'2025-04-06 13:12:59','2025-04-06 13:12:59'),('20231004010120','李26','男',NULL,NULL,'汉族','中共党员','202310040101','100401','1004','本科','2023-09-01','2027-07-01','在读',1,NULL,NULL,NULL,NULL,'2025-04-06 13:12:59','2025-04-06 13:12:59'),('20231004010121','张81','女',NULL,NULL,'汉族','共青团员','202310040101','100401','1004','本科','2023-09-01','2027-07-01','在读',1,NULL,NULL,NULL,NULL,'2025-04-06 13:12:59','2025-04-06 13:12:59'),('20231004010122','李61','男',NULL,NULL,'汉族','群众','202310040101','100401','1004','本科','2023-09-01','2027-07-01','在读',1,NULL,NULL,NULL,NULL,'2025-04-06 13:12:59','2025-04-06 13:12:59'),('20231004010123','张74','男',NULL,NULL,'汉族','群众','202310040101','100401','1004','本科','2023-09-01','2027-07-01','在读',1,NULL,NULL,NULL,NULL,'2025-04-06 13:12:59','2025-04-06 13:12:59'),('20231004010124','李3','女',NULL,NULL,'汉族','中共党员','202310040101','100401','1004','本科','2023-09-01','2027-07-01','在读',1,NULL,NULL,NULL,NULL,'2025-04-06 13:12:59','2025-04-06 13:12:59'),('20231004010125','张14','男',NULL,NULL,'汉族','共青团员','202310040101','100401','1004','本科','2023-09-01','2027-07-01','在读',1,NULL,NULL,NULL,NULL,'2025-04-06 13:12:59','2025-04-06 13:12:59'),('20231004010126','李23','男',NULL,NULL,'汉族','群众','202310040101','100401','1004','本科','2023-09-01','2027-07-01','在读',1,NULL,NULL,NULL,NULL,'2025-04-06 13:12:59','2025-04-06 13:12:59'),('20231004010127','张34','女',NULL,NULL,'汉族','群众','202310040101','100401','1004','本科','2023-09-01','2027-07-01','在读',1,NULL,NULL,NULL,NULL,'2025-04-06 13:12:59','2025-04-06 13:12:59'),('20231004010128','李16','男',NULL,NULL,'汉族','中共党员','202310040101','100401','1004','本科','2023-09-01','2027-07-01','在读',1,NULL,NULL,NULL,NULL,'2025-04-06 13:12:59','2025-04-06 13:12:59'),('20231004010129','张15','男',NULL,NULL,'汉族','共青团员','202310040101','100401','1004','本科','2023-09-01','2027-07-01','在读',1,NULL,NULL,NULL,NULL,'2025-04-06 13:12:59','2025-04-06 13:12:59'),('20231004010130','李20','女',NULL,NULL,'汉族','群众','202310040101','100401','1004','本科','2023-09-01','2027-07-01','在读',1,NULL,NULL,NULL,NULL,'2025-04-06 13:12:59','2025-04-06 13:12:59'),('20231004010201','张76','男',NULL,NULL,'汉族','共青团员','202310040102','100401','1004','本科','2023-09-01','2027-07-01','在读',1,NULL,NULL,NULL,NULL,'2025-04-06 13:12:59','2025-04-06 13:12:59'),('20231004010202','李91','男',NULL,NULL,'汉族','群众','202310040102','100401','1004','本科','2023-09-01','2027-07-01','在读',1,NULL,NULL,NULL,NULL,'2025-04-06 13:12:59','2025-04-06 13:12:59'),('20231004010203','张26','女',NULL,NULL,'汉族','群众','202310040102','100401','1004','本科','2023-09-01','2027-07-01','在读',1,NULL,NULL,NULL,NULL,'2025-04-06 13:12:59','2025-04-06 13:12:59'),('20231004010204','李13','男',NULL,NULL,'汉族','中共党员','202310040102','100401','1004','本科','2023-09-01','2027-07-01','在读',1,NULL,NULL,NULL,NULL,'2025-04-06 13:12:59','2025-04-06 13:12:59'),('20231004010205','张13','男',NULL,NULL,'汉族','共青团员','202310040102','100401','1004','本科','2023-09-01','2027-07-01','在读',1,NULL,NULL,NULL,NULL,'2025-04-06 13:12:59','2025-04-06 13:12:59'),('20231004010206','李17','女',NULL,NULL,'汉族','群众','202310040102','100401','1004','本科','2023-09-01','2027-07-01','在读',1,NULL,NULL,NULL,NULL,'2025-04-06 13:12:59','2025-04-06 13:12:59'),('20231004010207','张24','男',NULL,NULL,'汉族','群众','202310040102','100401','1004','本科','2023-09-01','2027-07-01','在读',1,NULL,NULL,NULL,NULL,'2025-04-06 13:12:59','2025-04-06 13:12:59'),('20231004010208','李2','男',NULL,NULL,'汉族','中共党员','202310040102','100401','1004','本科','2023-09-01','2027-07-01','在读',1,NULL,NULL,NULL,NULL,'2025-04-06 13:12:59','2025-04-06 13:12:59'),('20231004010209','张95','女',NULL,NULL,'汉族','共青团员','202310040102','100401','1004','本科','2023-09-01','2027-07-01','在读',1,NULL,NULL,NULL,NULL,'2025-04-06 13:12:59','2025-04-06 13:12:59'),('20231004010210','李58','男',NULL,NULL,'汉族','群众','202310040102','100401','1004','本科','2023-09-01','2027-07-01','在读',1,NULL,NULL,NULL,NULL,'2025-04-06 13:12:59','2025-04-06 13:12:59'),('20231004010211','张98','男',NULL,NULL,'汉族','群众','202310040102','100401','1004','本科','2023-09-01','2027-07-01','在读',1,NULL,NULL,NULL,NULL,'2025-04-06 13:12:59','2025-04-06 13:12:59'),('20231004010212','李45','女',NULL,NULL,'汉族','中共党员','202310040102','100401','1004','本科','2023-09-01','2027-07-01','在读',1,NULL,NULL,NULL,NULL,'2025-04-06 13:12:59','2025-04-06 13:12:59'),('20231004010213','张75','男',NULL,NULL,'汉族','共青团员','202310040102','100401','1004','本科','2023-09-01','2027-07-01','在读',1,NULL,NULL,NULL,NULL,'2025-04-06 13:12:59','2025-04-06 13:12:59'),('20231004010214','李44','男',NULL,NULL,'汉族','群众','202310040102','100401','1004','本科','2023-09-01','2027-07-01','在读',1,NULL,NULL,NULL,NULL,'2025-04-06 13:12:59','2025-04-06 13:12:59'),('20231004010215','张15','女',NULL,NULL,'汉族','群众','202310040102','100401','1004','本科','2023-09-01','2027-07-01','在读',1,NULL,NULL,NULL,NULL,'2025-04-06 13:12:59','2025-04-06 13:12:59'),('20231004010216','李11','男',NULL,NULL,'汉族','中共党员','202310040102','100401','1004','本科','2023-09-01','2027-07-01','在读',1,NULL,NULL,NULL,NULL,'2025-04-06 13:12:59','2025-04-06 13:12:59'),('20231004010217','张13','男',NULL,NULL,'汉族','共青团员','202310040102','100401','1004','本科','2023-09-01','2027-07-01','在读',1,NULL,NULL,NULL,NULL,'2025-04-06 13:12:59','2025-04-06 13:12:59'),('20231004010218','李18','女',NULL,NULL,'汉族','群众','202310040102','100401','1004','本科','2023-09-01','2027-07-01','在读',1,NULL,NULL,NULL,NULL,'2025-04-06 13:12:59','2025-04-06 13:12:59'),('20231004010219','张93','男',NULL,NULL,'汉族','群众','202310040102','100401','1004','本科','2023-09-01','2027-07-01','在读',1,NULL,NULL,NULL,NULL,'2025-04-06 13:12:59','2025-04-06 13:12:59'),('20231004010220','李16','男',NULL,NULL,'汉族','中共党员','202310040102','100401','1004','本科','2023-09-01','2027-07-01','在读',1,NULL,NULL,NULL,NULL,'2025-04-06 13:12:59','2025-04-06 13:12:59'),('20231004010221','张95','女',NULL,NULL,'汉族','共青团员','202310040102','100401','1004','本科','2023-09-01','2027-07-01','在读',1,NULL,NULL,NULL,NULL,'2025-04-06 13:12:59','2025-04-06 13:12:59'),('20231004010222','李54','男',NULL,NULL,'汉族','群众','202310040102','100401','1004','本科','2023-09-01','2027-07-01','在读',1,NULL,NULL,NULL,NULL,'2025-04-06 13:12:59','2025-04-06 13:12:59'),('20231004010223','张25','男',NULL,NULL,'汉族','群众','202310040102','100401','1004','本科','2023-09-01','2027-07-01','在读',1,NULL,NULL,NULL,NULL,'2025-04-06 13:12:59','2025-04-06 13:12:59'),('20231004010224','李91','女',NULL,NULL,'汉族','中共党员','202310040102','100401','1004','本科','2023-09-01','2027-07-01','在读',1,NULL,NULL,NULL,NULL,'2025-04-06 13:12:59','2025-04-06 13:12:59'),('20231004010225','张43','男',NULL,NULL,'汉族','共青团员','202310040102','100401','1004','本科','2023-09-01','2027-07-01','在读',1,NULL,NULL,NULL,NULL,'2025-04-06 13:12:59','2025-04-06 13:12:59'),('20231004010226','李8','男',NULL,NULL,'汉族','群众','202310040102','100401','1004','本科','2023-09-01','2027-07-01','在读',1,NULL,NULL,NULL,NULL,'2025-04-06 13:12:59','2025-04-06 13:12:59'),('20231004010227','张32','女',NULL,NULL,'汉族','群众','202310040102','100401','1004','本科','2023-09-01','2027-07-01','在读',1,NULL,NULL,NULL,NULL,'2025-04-06 13:12:59','2025-04-06 13:12:59'),('20231004010228','李52','男',NULL,NULL,'汉族','中共党员','202310040102','100401','1004','本科','2023-09-01','2027-07-01','在读',1,NULL,NULL,NULL,NULL,'2025-04-06 13:12:59','2025-04-06 13:12:59'),('20231004010229','张75','男',NULL,NULL,'汉族','共青团员','202310040102','100401','1004','本科','2023-09-01','2027-07-01','在读',1,NULL,NULL,NULL,NULL,'2025-04-06 13:12:59','2025-04-06 13:12:59'),('20231004010230','李42','女',NULL,NULL,'汉族','群众','202310040102','100401','1004','本科','2023-09-01','2027-07-01','在读',1,NULL,NULL,NULL,NULL,'2025-04-06 13:12:59','2025-04-06 13:12:59'),('20231005010101','张2','男',NULL,NULL,'汉族','共青团员','202310050101','100501','1005','本科','2023-09-01','2027-07-01','在读',1,NULL,NULL,NULL,NULL,'2025-04-06 13:12:59','2025-04-06 13:12:59'),('20231005010102','李85','男',NULL,NULL,'汉族','群众','202310050101','100501','1005','本科','2023-09-01','2027-07-01','在读',1,NULL,NULL,NULL,NULL,'2025-04-06 13:12:59','2025-04-06 13:12:59'),('20231005010103','张41','女',NULL,NULL,'汉族','群众','202310050101','100501','1005','本科','2023-09-01','2027-07-01','在读',1,NULL,NULL,NULL,NULL,'2025-04-06 13:12:59','2025-04-06 13:12:59'),('20231005010104','李41','男',NULL,NULL,'汉族','中共党员','202310050101','100501','1005','本科','2023-09-01','2027-07-01','在读',1,NULL,NULL,NULL,NULL,'2025-04-06 13:12:59','2025-04-06 13:12:59'),('20231005010105','张54','男',NULL,NULL,'汉族','共青团员','202310050101','100501','1005','本科','2023-09-01','2027-07-01','在读',1,NULL,NULL,NULL,NULL,'2025-04-06 13:12:59','2025-04-06 13:12:59'),('20231005010106','李10','女',NULL,NULL,'汉族','群众','202310050101','100501','1005','本科','2023-09-01','2027-07-01','在读',1,NULL,NULL,NULL,NULL,'2025-04-06 13:12:59','2025-04-06 13:12:59'),('20231005010107','张32','男',NULL,NULL,'汉族','群众','202310050101','100501','1005','本科','2023-09-01','2027-07-01','在读',1,NULL,NULL,NULL,NULL,'2025-04-06 13:12:59','2025-04-06 13:12:59'),('20231005010108','李17','男',NULL,NULL,'汉族','中共党员','202310050101','100501','1005','本科','2023-09-01','2027-07-01','在读',1,NULL,NULL,NULL,NULL,'2025-04-06 13:12:59','2025-04-06 13:12:59'),('20231005010109','张84','女',NULL,NULL,'汉族','共青团员','202310050101','100501','1005','本科','2023-09-01','2027-07-01','在读',1,NULL,NULL,NULL,NULL,'2025-04-06 13:12:59','2025-04-06 13:12:59'),('20231005010110','李69','男',NULL,NULL,'汉族','群众','202310050101','100501','1005','本科','2023-09-01','2027-07-01','在读',1,NULL,NULL,NULL,NULL,'2025-04-06 13:12:59','2025-04-06 13:12:59'),('20231005010111','张53','男',NULL,NULL,'汉族','群众','202310050101','100501','1005','本科','2023-09-01','2027-07-01','在读',1,NULL,NULL,NULL,NULL,'2025-04-06 13:12:59','2025-04-06 13:12:59'),('20231005010112','李32','女',NULL,NULL,'汉族','中共党员','202310050101','100501','1005','本科','2023-09-01','2027-07-01','在读',1,NULL,NULL,NULL,NULL,'2025-04-06 13:12:59','2025-04-06 13:12:59'),('20231005010113','张70','男',NULL,NULL,'汉族','共青团员','202310050101','100501','1005','本科','2023-09-01','2027-07-01','在读',1,NULL,NULL,NULL,NULL,'2025-04-06 13:12:59','2025-04-06 13:12:59'),('20231005010114','李39','男',NULL,NULL,'汉族','群众','202310050101','100501','1005','本科','2023-09-01','2027-07-01','在读',1,NULL,NULL,NULL,NULL,'2025-04-06 13:12:59','2025-04-06 13:12:59'),('20231005010115','张75','女',NULL,NULL,'汉族','群众','202310050101','100501','1005','本科','2023-09-01','2027-07-01','在读',1,NULL,NULL,NULL,NULL,'2025-04-06 13:12:59','2025-04-06 13:12:59'),('20231005010116','李45','男',NULL,NULL,'汉族','中共党员','202310050101','100501','1005','本科','2023-09-01','2027-07-01','在读',1,NULL,NULL,NULL,NULL,'2025-04-06 13:12:59','2025-04-06 13:12:59'),('20231005010117','张51','男',NULL,NULL,'汉族','共青团员','202310050101','100501','1005','本科','2023-09-01','2027-07-01','在读',1,NULL,NULL,NULL,NULL,'2025-04-06 13:12:59','2025-04-06 13:12:59'),('20231005010118','李3','女',NULL,NULL,'汉族','群众','202310050101','100501','1005','本科','2023-09-01','2027-07-01','在读',1,NULL,NULL,NULL,NULL,'2025-04-06 13:12:59','2025-04-06 13:12:59'),('20231005010119','张21','男',NULL,NULL,'汉族','群众','202310050101','100501','1005','本科','2023-09-01','2027-07-01','在读',1,NULL,NULL,NULL,NULL,'2025-04-06 13:12:59','2025-04-06 13:12:59'),('20231005010120','李34','男',NULL,NULL,'汉族','中共党员','202310050101','100501','1005','本科','2023-09-01','2027-07-01','在读',1,NULL,NULL,NULL,NULL,'2025-04-06 13:12:59','2025-04-06 13:12:59'),('20231005010121','张51','女',NULL,NULL,'汉族','共青团员','202310050101','100501','1005','本科','2023-09-01','2027-07-01','在读',1,NULL,NULL,NULL,NULL,'2025-04-06 13:12:59','2025-04-06 13:12:59'),('20231005010122','李6','男',NULL,NULL,'汉族','群众','202310050101','100501','1005','本科','2023-09-01','2027-07-01','在读',1,NULL,NULL,NULL,NULL,'2025-04-06 13:12:59','2025-04-06 13:12:59'),('20231005010123','张60','男',NULL,NULL,'汉族','群众','202310050101','100501','1005','本科','2023-09-01','2027-07-01','在读',1,NULL,NULL,NULL,NULL,'2025-04-06 13:12:59','2025-04-06 13:12:59'),('20231005010124','李65','女',NULL,NULL,'汉族','中共党员','202310050101','100501','1005','本科','2023-09-01','2027-07-01','在读',1,NULL,NULL,NULL,NULL,'2025-04-06 13:12:59','2025-04-06 13:12:59'),('20231005010125','张22','男',NULL,NULL,'汉族','共青团员','202310050101','100501','1005','本科','2023-09-01','2027-07-01','在读',1,NULL,NULL,NULL,NULL,'2025-04-06 13:12:59','2025-04-06 13:12:59'),('20231005010126','李49','男',NULL,NULL,'汉族','群众','202310050101','100501','1005','本科','2023-09-01','2027-07-01','在读',1,NULL,NULL,NULL,NULL,'2025-04-06 13:12:59','2025-04-06 13:12:59'),('20231005010127','张8','女',NULL,NULL,'汉族','群众','202310050101','100501','1005','本科','2023-09-01','2027-07-01','在读',1,NULL,NULL,NULL,NULL,'2025-04-06 13:12:59','2025-04-06 13:12:59'),('20231005010128','李97','男',NULL,NULL,'汉族','中共党员','202310050101','100501','1005','本科','2023-09-01','2027-07-01','在读',1,NULL,NULL,NULL,NULL,'2025-04-06 13:12:59','2025-04-06 13:12:59'),('20231005010129','张26','男',NULL,NULL,'汉族','共青团员','202310050101','100501','1005','本科','2023-09-01','2027-07-01','在读',1,NULL,NULL,NULL,NULL,'2025-04-06 13:12:59','2025-04-06 13:12:59'),('20231005010130','李11','女',NULL,NULL,'汉族','群众','202310050101','100501','1005','本科','2023-09-01','2027-07-01','在读',1,NULL,NULL,NULL,NULL,'2025-04-06 13:12:59','2025-04-06 13:12:59'),('20231005010201','张10','男',NULL,NULL,'汉族','共青团员','202310050102','100501','1005','本科','2023-09-01','2027-07-01','在读',1,NULL,NULL,NULL,NULL,'2025-04-06 13:12:59','2025-04-06 13:12:59'),('20231005010202','李77','男',NULL,NULL,'汉族','群众','202310050102','100501','1005','本科','2023-09-01','2027-07-01','在读',1,NULL,NULL,NULL,NULL,'2025-04-06 13:12:59','2025-04-06 13:12:59'),('20231005010203','张93','女',NULL,NULL,'汉族','群众','202310050102','100501','1005','本科','2023-09-01','2027-07-01','在读',1,NULL,NULL,NULL,NULL,'2025-04-06 13:12:59','2025-04-06 13:12:59'),('20231005010204','李29','男',NULL,NULL,'汉族','中共党员','202310050102','100501','1005','本科','2023-09-01','2027-07-01','在读',1,NULL,NULL,NULL,NULL,'2025-04-06 13:12:59','2025-04-06 13:12:59'),('20231005010205','张50','男',NULL,NULL,'汉族','共青团员','202310050102','100501','1005','本科','2023-09-01','2027-07-01','在读',1,NULL,NULL,NULL,NULL,'2025-04-06 13:12:59','2025-04-06 13:12:59'),('20231005010206','李41','女',NULL,NULL,'汉族','群众','202310050102','100501','1005','本科','2023-09-01','2027-07-01','在读',1,NULL,NULL,NULL,NULL,'2025-04-06 13:12:59','2025-04-06 13:12:59'),('20231005010207','张19','男',NULL,NULL,'汉族','群众','202310050102','100501','1005','本科','2023-09-01','2027-07-01','在读',1,NULL,NULL,NULL,NULL,'2025-04-06 13:12:59','2025-04-06 13:12:59'),('20231005010208','李18','男',NULL,NULL,'汉族','中共党员','202310050102','100501','1005','本科','2023-09-01','2027-07-01','在读',1,NULL,NULL,NULL,NULL,'2025-04-06 13:12:59','2025-04-06 13:12:59'),('20231005010209','张57','女',NULL,NULL,'汉族','共青团员','202310050102','100501','1005','本科','2023-09-01','2027-07-01','在读',1,NULL,NULL,NULL,NULL,'2025-04-06 13:12:59','2025-04-06 13:12:59'),('20231005010210','李90','男',NULL,NULL,'汉族','群众','202310050102','100501','1005','本科','2023-09-01','2027-07-01','在读',1,NULL,NULL,NULL,NULL,'2025-04-06 13:12:59','2025-04-06 13:12:59'),('20231005010211','张97','男',NULL,NULL,'汉族','群众','202310050102','100501','1005','本科','2023-09-01','2027-07-01','在读',1,NULL,NULL,NULL,NULL,'2025-04-06 13:12:59','2025-04-06 13:12:59'),('20231005010212','李99','女',NULL,NULL,'汉族','中共党员','202310050102','100501','1005','本科','2023-09-01','2027-07-01','在读',1,NULL,NULL,NULL,NULL,'2025-04-06 13:12:59','2025-04-06 13:12:59'),('20231005010213','张99','男',NULL,NULL,'汉族','共青团员','202310050102','100501','1005','本科','2023-09-01','2027-07-01','在读',1,NULL,NULL,NULL,NULL,'2025-04-06 13:12:59','2025-04-06 13:12:59'),('20231005010214','李99','男',NULL,NULL,'汉族','群众','202310050102','100501','1005','本科','2023-09-01','2027-07-01','在读',1,NULL,NULL,NULL,NULL,'2025-04-06 13:12:59','2025-04-06 13:12:59'),('20231005010215','张32','女',NULL,NULL,'汉族','群众','202310050102','100501','1005','本科','2023-09-01','2027-07-01','在读',1,NULL,NULL,NULL,NULL,'2025-04-06 13:12:59','2025-04-06 13:12:59'),('20231005010216','李54','男',NULL,NULL,'汉族','中共党员','202310050102','100501','1005','本科','2023-09-01','2027-07-01','在读',1,NULL,NULL,NULL,NULL,'2025-04-06 13:12:59','2025-04-06 13:12:59'),('20231005010217','张46','男',NULL,NULL,'汉族','共青团员','202310050102','100501','1005','本科','2023-09-01','2027-07-01','在读',1,NULL,NULL,NULL,NULL,'2025-04-06 13:12:59','2025-04-06 13:12:59'),('20231005010218','李26','女',NULL,NULL,'汉族','群众','202310050102','100501','1005','本科','2023-09-01','2027-07-01','在读',1,NULL,NULL,NULL,NULL,'2025-04-06 13:12:59','2025-04-06 13:12:59'),('20231005010219','张95','男',NULL,NULL,'汉族','群众','202310050102','100501','1005','本科','2023-09-01','2027-07-01','在读',1,NULL,NULL,NULL,NULL,'2025-04-06 13:12:59','2025-04-06 13:12:59'),('20231005010220','李83','男',NULL,NULL,'汉族','中共党员','202310050102','100501','1005','本科','2023-09-01','2027-07-01','在读',1,NULL,NULL,NULL,NULL,'2025-04-06 13:12:59','2025-04-06 13:12:59'),('20231005010221','张7','女',NULL,NULL,'汉族','共青团员','202310050102','100501','1005','本科','2023-09-01','2027-07-01','在读',1,NULL,NULL,NULL,NULL,'2025-04-06 13:12:59','2025-04-06 13:12:59'),('20231005010222','李51','男',NULL,NULL,'汉族','群众','202310050102','100501','1005','本科','2023-09-01','2027-07-01','在读',1,NULL,NULL,NULL,NULL,'2025-04-06 13:12:59','2025-04-06 13:12:59'),('20231005010223','张83','男',NULL,NULL,'汉族','群众','202310050102','100501','1005','本科','2023-09-01','2027-07-01','在读',1,NULL,NULL,NULL,NULL,'2025-04-06 13:12:59','2025-04-06 13:12:59'),('20231005010224','李54','女',NULL,NULL,'汉族','中共党员','202310050102','100501','1005','本科','2023-09-01','2027-07-01','在读',1,NULL,NULL,NULL,NULL,'2025-04-06 13:12:59','2025-04-06 13:12:59'),('20231005010225','张96','男',NULL,NULL,'汉族','共青团员','202310050102','100501','1005','本科','2023-09-01','2027-07-01','在读',1,NULL,NULL,NULL,NULL,'2025-04-06 13:12:59','2025-04-06 13:12:59'),('20231005010226','李43','男',NULL,NULL,'汉族','群众','202310050102','100501','1005','本科','2023-09-01','2027-07-01','在读',1,NULL,NULL,NULL,NULL,'2025-04-06 13:12:59','2025-04-06 13:12:59'),('20231005010227','张6','女',NULL,NULL,'汉族','群众','202310050102','100501','1005','本科','2023-09-01','2027-07-01','在读',1,NULL,NULL,NULL,NULL,'2025-04-06 13:12:59','2025-04-06 13:12:59'),('20231005010228','李29','男',NULL,NULL,'汉族','中共党员','202310050102','100501','1005','本科','2023-09-01','2027-07-01','在读',1,NULL,NULL,NULL,NULL,'2025-04-06 13:12:59','2025-04-06 13:12:59'),('20231005010229','张80','男',NULL,NULL,'汉族','共青团员','202310050102','100501','1005','本科','2023-09-01','2027-07-01','在读',1,NULL,NULL,NULL,NULL,'2025-04-06 13:12:59','2025-04-06 13:12:59'),('20231005010230','李57','女',NULL,NULL,'汉族','群众','202310050102','100501','1005','本科','2023-09-01','2027-07-01','在读',1,NULL,NULL,NULL,NULL,'2025-04-06 13:12:59','2025-04-06 13:12:59'),('20231006010101','张99','男',NULL,NULL,'汉族','共青团员','202310060101','100601','1006','本科','2023-09-01','2027-07-01','在读',1,NULL,NULL,NULL,NULL,'2025-04-06 13:12:59','2025-04-06 13:12:59'),('20231006010102','李97','男',NULL,NULL,'汉族','群众','202310060101','100601','1006','本科','2023-09-01','2027-07-01','在读',1,NULL,NULL,NULL,NULL,'2025-04-06 13:12:59','2025-04-06 13:12:59'),('20231006010103','张29','女',NULL,NULL,'汉族','群众','202310060101','100601','1006','本科','2023-09-01','2027-07-01','在读',1,NULL,NULL,NULL,NULL,'2025-04-06 13:12:59','2025-04-06 13:12:59'),('20231006010104','李17','男',NULL,NULL,'汉族','中共党员','202310060101','100601','1006','本科','2023-09-01','2027-07-01','在读',1,NULL,NULL,NULL,NULL,'2025-04-06 13:12:59','2025-04-06 13:12:59'),('20231006010105','张85','男',NULL,NULL,'汉族','共青团员','202310060101','100601','1006','本科','2023-09-01','2027-07-01','在读',1,NULL,NULL,NULL,NULL,'2025-04-06 13:12:59','2025-04-06 13:12:59'),('20231006010106','李3','女',NULL,NULL,'汉族','群众','202310060101','100601','1006','本科','2023-09-01','2027-07-01','在读',1,NULL,NULL,NULL,NULL,'2025-04-06 13:12:59','2025-04-06 13:12:59'),('20231006010107','张43','男',NULL,NULL,'汉族','群众','202310060101','100601','1006','本科','2023-09-01','2027-07-01','在读',1,NULL,NULL,NULL,NULL,'2025-04-06 13:12:59','2025-04-06 13:12:59'),('20231006010108','李5','男',NULL,NULL,'汉族','中共党员','202310060101','100601','1006','本科','2023-09-01','2027-07-01','在读',1,NULL,NULL,NULL,NULL,'2025-04-06 13:12:59','2025-04-06 13:12:59'),('20231006010109','张27','女',NULL,NULL,'汉族','共青团员','202310060101','100601','1006','本科','2023-09-01','2027-07-01','在读',1,NULL,NULL,NULL,NULL,'2025-04-06 13:12:59','2025-04-06 13:12:59'),('20231006010110','李44','男',NULL,NULL,'汉族','群众','202310060101','100601','1006','本科','2023-09-01','2027-07-01','在读',1,NULL,NULL,NULL,NULL,'2025-04-06 13:12:59','2025-04-06 13:12:59'),('20231006010111','张64','男',NULL,NULL,'汉族','群众','202310060101','100601','1006','本科','2023-09-01','2027-07-01','在读',1,NULL,NULL,NULL,NULL,'2025-04-06 13:12:59','2025-04-06 13:12:59'),('20231006010112','李26','女',NULL,NULL,'汉族','中共党员','202310060101','100601','1006','本科','2023-09-01','2027-07-01','在读',1,NULL,NULL,NULL,NULL,'2025-04-06 13:12:59','2025-04-06 13:12:59'),('20231006010113','张22','男',NULL,NULL,'汉族','共青团员','202310060101','100601','1006','本科','2023-09-01','2027-07-01','在读',1,NULL,NULL,NULL,NULL,'2025-04-06 13:12:59','2025-04-06 13:12:59'),('20231006010114','李28','男',NULL,NULL,'汉族','群众','202310060101','100601','1006','本科','2023-09-01','2027-07-01','在读',1,NULL,NULL,NULL,NULL,'2025-04-06 13:12:59','2025-04-06 13:12:59'),('20231006010115','张6','女',NULL,NULL,'汉族','群众','202310060101','100601','1006','本科','2023-09-01','2027-07-01','在读',1,NULL,NULL,NULL,NULL,'2025-04-06 13:12:59','2025-04-06 13:12:59'),('20231006010116','李68','男',NULL,NULL,'汉族','中共党员','202310060101','100601','1006','本科','2023-09-01','2027-07-01','在读',1,NULL,NULL,NULL,NULL,'2025-04-06 13:12:59','2025-04-06 13:12:59'),('20231006010117','张45','男',NULL,NULL,'汉族','共青团员','202310060101','100601','1006','本科','2023-09-01','2027-07-01','在读',1,NULL,NULL,NULL,NULL,'2025-04-06 13:12:59','2025-04-06 13:12:59'),('20231006010118','李19','女',NULL,NULL,'汉族','群众','202310060101','100601','1006','本科','2023-09-01','2027-07-01','在读',1,NULL,NULL,NULL,NULL,'2025-04-06 13:12:59','2025-04-06 13:12:59'),('20231006010119','张50','男',NULL,NULL,'汉族','群众','202310060101','100601','1006','本科','2023-09-01','2027-07-01','在读',1,NULL,NULL,NULL,NULL,'2025-04-06 13:12:59','2025-04-06 13:12:59'),('20231006010120','李10','男',NULL,NULL,'汉族','中共党员','202310060101','100601','1006','本科','2023-09-01','2027-07-01','在读',1,NULL,NULL,NULL,NULL,'2025-04-06 13:12:59','2025-04-06 13:12:59'),('20231006010121','张34','女',NULL,NULL,'汉族','共青团员','202310060101','100601','1006','本科','2023-09-01','2027-07-01','在读',1,NULL,NULL,NULL,NULL,'2025-04-06 13:12:59','2025-04-06 13:12:59'),('20231006010122','李20','男',NULL,NULL,'汉族','群众','202310060101','100601','1006','本科','2023-09-01','2027-07-01','在读',1,NULL,NULL,NULL,NULL,'2025-04-06 13:12:59','2025-04-06 13:12:59'),('20231006010123','张22','男',NULL,NULL,'汉族','群众','202310060101','100601','1006','本科','2023-09-01','2027-07-01','在读',1,NULL,NULL,NULL,NULL,'2025-04-06 13:12:59','2025-04-06 13:12:59'),('20231006010124','李64','女',NULL,NULL,'汉族','中共党员','202310060101','100601','1006','本科','2023-09-01','2027-07-01','在读',1,NULL,NULL,NULL,NULL,'2025-04-06 13:12:59','2025-04-06 13:12:59'),('20231006010125','张66','男',NULL,NULL,'汉族','共青团员','202310060101','100601','1006','本科','2023-09-01','2027-07-01','在读',1,NULL,NULL,NULL,NULL,'2025-04-06 13:12:59','2025-04-06 13:12:59'),('20231006010126','李23','男',NULL,NULL,'汉族','群众','202310060101','100601','1006','本科','2023-09-01','2027-07-01','在读',1,NULL,NULL,NULL,NULL,'2025-04-06 13:12:59','2025-04-06 13:12:59'),('20231006010127','张82','女',NULL,NULL,'汉族','群众','202310060101','100601','1006','本科','2023-09-01','2027-07-01','在读',1,NULL,NULL,NULL,NULL,'2025-04-06 13:12:59','2025-04-06 13:12:59'),('20231006010128','李30','男',NULL,NULL,'汉族','中共党员','202310060101','100601','1006','本科','2023-09-01','2027-07-01','在读',1,NULL,NULL,NULL,NULL,'2025-04-06 13:12:59','2025-04-06 13:12:59'),('20231006010129','张56','男',NULL,NULL,'汉族','共青团员','202310060101','100601','1006','本科','2023-09-01','2027-07-01','在读',1,NULL,NULL,NULL,NULL,'2025-04-06 13:12:59','2025-04-06 13:12:59'),('20231006010130','李17','女',NULL,NULL,'汉族','群众','202310060101','100601','1006','本科','2023-09-01','2027-07-01','在读',1,NULL,NULL,NULL,NULL,'2025-04-06 13:12:59','2025-04-06 13:12:59'),('20231006010201','张90','男',NULL,NULL,'汉族','共青团员','202310060102','100601','1006','本科','2023-09-01','2027-07-01','在读',1,NULL,NULL,NULL,NULL,'2025-04-06 13:12:59','2025-04-06 13:12:59'),('20231006010202','李25','男',NULL,NULL,'汉族','群众','202310060102','100601','1006','本科','2023-09-01','2027-07-01','在读',1,NULL,NULL,NULL,NULL,'2025-04-06 13:12:59','2025-04-06 13:12:59'),('20231006010203','张13','女',NULL,NULL,'汉族','群众','202310060102','100601','1006','本科','2023-09-01','2027-07-01','在读',1,NULL,NULL,NULL,NULL,'2025-04-06 13:12:59','2025-04-06 13:12:59'),('20231006010204','李46','男',NULL,NULL,'汉族','中共党员','202310060102','100601','1006','本科','2023-09-01','2027-07-01','在读',1,NULL,NULL,NULL,NULL,'2025-04-06 13:12:59','2025-04-06 13:12:59'),('20231006010205','张6','男',NULL,NULL,'汉族','共青团员','202310060102','100601','1006','本科','2023-09-01','2027-07-01','在读',1,NULL,NULL,NULL,NULL,'2025-04-06 13:12:59','2025-04-06 13:12:59'),('20231006010206','李62','女',NULL,NULL,'汉族','群众','202310060102','100601','1006','本科','2023-09-01','2027-07-01','在读',1,NULL,NULL,NULL,NULL,'2025-04-06 13:12:59','2025-04-06 13:12:59'),('20231006010207','张68','男',NULL,NULL,'汉族','群众','202310060102','100601','1006','本科','2023-09-01','2027-07-01','在读',1,NULL,NULL,NULL,NULL,'2025-04-06 13:12:59','2025-04-06 13:12:59'),('20231006010208','李59','男',NULL,NULL,'汉族','中共党员','202310060102','100601','1006','本科','2023-09-01','2027-07-01','在读',1,NULL,NULL,NULL,NULL,'2025-04-06 13:12:59','2025-04-06 13:12:59'),('20231006010209','张76','女',NULL,NULL,'汉族','共青团员','202310060102','100601','1006','本科','2023-09-01','2027-07-01','在读',1,NULL,NULL,NULL,NULL,'2025-04-06 13:12:59','2025-04-06 13:12:59'),('20231006010210','李41','男',NULL,NULL,'汉族','群众','202310060102','100601','1006','本科','2023-09-01','2027-07-01','在读',1,NULL,NULL,NULL,NULL,'2025-04-06 13:12:59','2025-04-06 13:12:59'),('20231006010211','张43','男',NULL,NULL,'汉族','群众','202310060102','100601','1006','本科','2023-09-01','2027-07-01','在读',1,NULL,NULL,NULL,NULL,'2025-04-06 13:12:59','2025-04-06 13:12:59'),('20231006010212','李92','女',NULL,NULL,'汉族','中共党员','202310060102','100601','1006','本科','2023-09-01','2027-07-01','在读',1,NULL,NULL,NULL,NULL,'2025-04-06 13:12:59','2025-04-06 13:12:59'),('20231006010213','张72','男',NULL,NULL,'汉族','共青团员','202310060102','100601','1006','本科','2023-09-01','2027-07-01','在读',1,NULL,NULL,NULL,NULL,'2025-04-06 13:12:59','2025-04-06 13:12:59'),('20231006010214','李89','男',NULL,NULL,'汉族','群众','202310060102','100601','1006','本科','2023-09-01','2027-07-01','在读',1,NULL,NULL,NULL,NULL,'2025-04-06 13:12:59','2025-04-06 13:12:59'),('20231006010215','张92','女',NULL,NULL,'汉族','群众','202310060102','100601','1006','本科','2023-09-01','2027-07-01','在读',1,NULL,NULL,NULL,NULL,'2025-04-06 13:12:59','2025-04-06 13:12:59'),('20231006010216','李90','男',NULL,NULL,'汉族','中共党员','202310060102','100601','1006','本科','2023-09-01','2027-07-01','在读',1,NULL,NULL,NULL,NULL,'2025-04-06 13:12:59','2025-04-06 13:12:59'),('20231006010217','张53','男',NULL,NULL,'汉族','共青团员','202310060102','100601','1006','本科','2023-09-01','2027-07-01','在读',1,NULL,NULL,NULL,NULL,'2025-04-06 13:12:59','2025-04-06 13:12:59'),('20231006010218','李92','女',NULL,NULL,'汉族','群众','202310060102','100601','1006','本科','2023-09-01','2027-07-01','在读',1,NULL,NULL,NULL,NULL,'2025-04-06 13:12:59','2025-04-06 13:12:59'),('20231006010219','张2','男',NULL,NULL,'汉族','群众','202310060102','100601','1006','本科','2023-09-01','2027-07-01','在读',1,NULL,NULL,NULL,NULL,'2025-04-06 13:12:59','2025-04-06 13:12:59'),('20231006010220','李73','男',NULL,NULL,'汉族','中共党员','202310060102','100601','1006','本科','2023-09-01','2027-07-01','在读',1,NULL,NULL,NULL,NULL,'2025-04-06 13:12:59','2025-04-06 13:12:59'),('20231006010221','张55','女',NULL,NULL,'汉族','共青团员','202310060102','100601','1006','本科','2023-09-01','2027-07-01','在读',1,NULL,NULL,NULL,NULL,'2025-04-06 13:12:59','2025-04-06 13:12:59'),('20231006010222','李0','男',NULL,NULL,'汉族','群众','202310060102','100601','1006','本科','2023-09-01','2027-07-01','在读',1,NULL,NULL,NULL,NULL,'2025-04-06 13:12:59','2025-04-06 13:12:59'),('20231006010223','张16','男',NULL,NULL,'汉族','群众','202310060102','100601','1006','本科','2023-09-01','2027-07-01','在读',1,NULL,NULL,NULL,NULL,'2025-04-06 13:12:59','2025-04-06 13:12:59'),('20231006010224','李60','女',NULL,NULL,'汉族','中共党员','202310060102','100601','1006','本科','2023-09-01','2027-07-01','在读',1,NULL,NULL,NULL,NULL,'2025-04-06 13:12:59','2025-04-06 13:12:59'),('20231006010225','张28','男',NULL,NULL,'汉族','共青团员','202310060102','100601','1006','本科','2023-09-01','2027-07-01','在读',1,NULL,NULL,NULL,NULL,'2025-04-06 13:12:59','2025-04-06 13:12:59'),('20231006010226','李93','男',NULL,NULL,'汉族','群众','202310060102','100601','1006','本科','2023-09-01','2027-07-01','在读',1,NULL,NULL,NULL,NULL,'2025-04-06 13:12:59','2025-04-06 13:12:59'),('20231006010227','张46','女',NULL,NULL,'汉族','群众','202310060102','100601','1006','本科','2023-09-01','2027-07-01','在读',1,NULL,NULL,NULL,NULL,'2025-04-06 13:12:59','2025-04-06 13:12:59'),('20231006010228','李80','男',NULL,NULL,'汉族','中共党员','202310060102','100601','1006','本科','2023-09-01','2027-07-01','在读',1,NULL,NULL,NULL,NULL,'2025-04-06 13:12:59','2025-04-06 13:12:59'),('20231006010229','张17','男',NULL,NULL,'汉族','共青团员','202310060102','100601','1006','本科','2023-09-01','2027-07-01','在读',1,NULL,NULL,NULL,NULL,'2025-04-06 13:12:59','2025-04-06 13:12:59'),('20231006010230','李3','女',NULL,NULL,'汉族','群众','202310060102','100601','1006','本科','2023-09-01','2027-07-01','在读',1,NULL,NULL,NULL,NULL,'2025-04-06 13:12:59','2025-04-06 13:12:59'),('20231007010101','张75','男',NULL,NULL,'汉族','共青团员','202310070101','100701','1007','本科','2023-09-01','2027-07-01','在读',1,NULL,NULL,NULL,NULL,'2025-04-06 13:12:59','2025-04-06 13:12:59'),('20231007010102','李4','男',NULL,NULL,'汉族','群众','202310070101','100701','1007','本科','2023-09-01','2027-07-01','在读',1,NULL,NULL,NULL,NULL,'2025-04-06 13:12:59','2025-04-06 13:12:59'),('20231007010103','张81','女',NULL,NULL,'汉族','群众','202310070101','100701','1007','本科','2023-09-01','2027-07-01','在读',1,NULL,NULL,NULL,NULL,'2025-04-06 13:12:59','2025-04-06 13:12:59'),('20231007010104','李34','男',NULL,NULL,'汉族','中共党员','202310070101','100701','1007','本科','2023-09-01','2027-07-01','在读',1,NULL,NULL,NULL,NULL,'2025-04-06 13:12:59','2025-04-06 13:12:59'),('20231007010105','张30','男',NULL,NULL,'汉族','共青团员','202310070101','100701','1007','本科','2023-09-01','2027-07-01','在读',1,NULL,NULL,NULL,NULL,'2025-04-06 13:12:59','2025-04-06 13:12:59'),('20231007010106','李72','女',NULL,NULL,'汉族','群众','202310070101','100701','1007','本科','2023-09-01','2027-07-01','在读',1,NULL,NULL,NULL,NULL,'2025-04-06 13:12:59','2025-04-06 13:12:59'),('20231007010107','张44','男',NULL,NULL,'汉族','群众','202310070101','100701','1007','本科','2023-09-01','2027-07-01','在读',1,NULL,NULL,NULL,NULL,'2025-04-06 13:12:59','2025-04-06 13:12:59'),('20231007010108','李82','男',NULL,NULL,'汉族','中共党员','202310070101','100701','1007','本科','2023-09-01','2027-07-01','在读',1,NULL,NULL,NULL,NULL,'2025-04-06 13:12:59','2025-04-06 13:12:59'),('20231007010109','张56','女',NULL,NULL,'汉族','共青团员','202310070101','100701','1007','本科','2023-09-01','2027-07-01','在读',1,NULL,NULL,NULL,NULL,'2025-04-06 13:12:59','2025-04-06 13:12:59'),('20231007010110','李0','男',NULL,NULL,'汉族','群众','202310070101','100701','1007','本科','2023-09-01','2027-07-01','在读',1,NULL,NULL,NULL,NULL,'2025-04-06 13:12:59','2025-04-06 13:12:59'),('20231007010111','张81','男',NULL,NULL,'汉族','群众','202310070101','100701','1007','本科','2023-09-01','2027-07-01','在读',1,NULL,NULL,NULL,NULL,'2025-04-06 13:12:59','2025-04-06 13:12:59'),('20231007010112','李69','女',NULL,NULL,'汉族','中共党员','202310070101','100701','1007','本科','2023-09-01','2027-07-01','在读',1,NULL,NULL,NULL,NULL,'2025-04-06 13:12:59','2025-04-06 13:12:59'),('20231007010113','张21','男',NULL,NULL,'汉族','共青团员','202310070101','100701','1007','本科','2023-09-01','2027-07-01','在读',1,NULL,NULL,NULL,NULL,'2025-04-06 13:12:59','2025-04-06 13:12:59'),('20231007010114','李12','男',NULL,NULL,'汉族','群众','202310070101','100701','1007','本科','2023-09-01','2027-07-01','在读',1,NULL,NULL,NULL,NULL,'2025-04-06 13:12:59','2025-04-06 13:12:59'),('20231007010115','张13','女',NULL,NULL,'汉族','群众','202310070101','100701','1007','本科','2023-09-01','2027-07-01','在读',1,NULL,NULL,NULL,NULL,'2025-04-06 13:12:59','2025-04-06 13:12:59'),('20231007010116','李85','男',NULL,NULL,'汉族','中共党员','202310070101','100701','1007','本科','2023-09-01','2027-07-01','在读',1,NULL,NULL,NULL,NULL,'2025-04-06 13:12:59','2025-04-06 13:12:59'),('20231007010117','张4','男',NULL,NULL,'汉族','共青团员','202310070101','100701','1007','本科','2023-09-01','2027-07-01','在读',1,NULL,NULL,NULL,NULL,'2025-04-06 13:12:59','2025-04-06 13:12:59'),('20231007010118','李78','女',NULL,NULL,'汉族','群众','202310070101','100701','1007','本科','2023-09-01','2027-07-01','在读',1,NULL,NULL,NULL,NULL,'2025-04-06 13:12:59','2025-04-06 13:12:59'),('20231007010119','张29','男',NULL,NULL,'汉族','群众','202310070101','100701','1007','本科','2023-09-01','2027-07-01','在读',1,NULL,NULL,NULL,NULL,'2025-04-06 13:12:59','2025-04-06 13:12:59'),('20231007010120','李89','男',NULL,NULL,'汉族','中共党员','202310070101','100701','1007','本科','2023-09-01','2027-07-01','在读',1,NULL,NULL,NULL,NULL,'2025-04-06 13:12:59','2025-04-06 13:12:59'),('20231007010121','张72','女',NULL,NULL,'汉族','共青团员','202310070101','100701','1007','本科','2023-09-01','2027-07-01','在读',1,NULL,NULL,NULL,NULL,'2025-04-06 13:12:59','2025-04-06 13:12:59'),('20231007010122','李57','男',NULL,NULL,'汉族','群众','202310070101','100701','1007','本科','2023-09-01','2027-07-01','在读',1,NULL,NULL,NULL,NULL,'2025-04-06 13:12:59','2025-04-06 13:12:59'),('20231007010123','张38','男',NULL,NULL,'汉族','群众','202310070101','100701','1007','本科','2023-09-01','2027-07-01','在读',1,NULL,NULL,NULL,NULL,'2025-04-06 13:12:59','2025-04-06 13:12:59'),('20231007010124','李11','女',NULL,NULL,'汉族','中共党员','202310070101','100701','1007','本科','2023-09-01','2027-07-01','在读',1,NULL,NULL,NULL,NULL,'2025-04-06 13:12:59','2025-04-06 13:12:59'),('20231007010125','张73','男',NULL,NULL,'汉族','共青团员','202310070101','100701','1007','本科','2023-09-01','2027-07-01','在读',1,NULL,NULL,NULL,NULL,'2025-04-06 13:12:59','2025-04-06 13:12:59'),('20231007010126','李51','男',NULL,NULL,'汉族','群众','202310070101','100701','1007','本科','2023-09-01','2027-07-01','在读',1,NULL,NULL,NULL,NULL,'2025-04-06 13:12:59','2025-04-06 13:12:59'),('20231007010127','张28','女',NULL,NULL,'汉族','群众','202310070101','100701','1007','本科','2023-09-01','2027-07-01','在读',1,NULL,NULL,NULL,NULL,'2025-04-06 13:12:59','2025-04-06 13:12:59'),('20231007010128','李63','男',NULL,NULL,'汉族','中共党员','202310070101','100701','1007','本科','2023-09-01','2027-07-01','在读',1,NULL,NULL,NULL,NULL,'2025-04-06 13:12:59','2025-04-06 13:12:59'),('20231007010129','张96','男',NULL,NULL,'汉族','共青团员','202310070101','100701','1007','本科','2023-09-01','2027-07-01','在读',1,NULL,NULL,NULL,NULL,'2025-04-06 13:12:59','2025-04-06 13:12:59'),('20231007010130','李73','女',NULL,NULL,'汉族','群众','202310070101','100701','1007','本科','2023-09-01','2027-07-01','在读',1,NULL,NULL,NULL,NULL,'2025-04-06 13:12:59','2025-04-06 13:12:59'),('20231007010201','张0','男',NULL,NULL,'汉族','共青团员','202310070102','100701','1007','本科','2023-09-01','2027-07-01','在读',1,NULL,NULL,NULL,NULL,'2025-04-06 13:12:59','2025-04-06 13:12:59'),('20231007010202','李43','男',NULL,NULL,'汉族','群众','202310070102','100701','1007','本科','2023-09-01','2027-07-01','在读',1,NULL,NULL,NULL,NULL,'2025-04-06 13:12:59','2025-04-06 13:12:59'),('20231007010203','张39','女',NULL,NULL,'汉族','群众','202310070102','100701','1007','本科','2023-09-01','2027-07-01','在读',1,NULL,NULL,NULL,NULL,'2025-04-06 13:12:59','2025-04-06 13:12:59'),('20231007010204','李17','男',NULL,NULL,'汉族','中共党员','202310070102','100701','1007','本科','2023-09-01','2027-07-01','在读',1,NULL,NULL,NULL,NULL,'2025-04-06 13:12:59','2025-04-06 13:12:59'),('20231007010205','张49','男',NULL,NULL,'汉族','共青团员','202310070102','100701','1007','本科','2023-09-01','2027-07-01','在读',1,NULL,NULL,NULL,NULL,'2025-04-06 13:12:59','2025-04-06 13:12:59'),('20231007010206','李9','女',NULL,NULL,'汉族','群众','202310070102','100701','1007','本科','2023-09-01','2027-07-01','在读',1,NULL,NULL,NULL,NULL,'2025-04-06 13:12:59','2025-04-06 13:12:59'),('20231007010207','张32','男',NULL,NULL,'汉族','群众','202310070102','100701','1007','本科','2023-09-01','2027-07-01','在读',1,NULL,NULL,NULL,NULL,'2025-04-06 13:12:59','2025-04-06 13:12:59'),('20231007010208','李84','男',NULL,NULL,'汉族','中共党员','202310070102','100701','1007','本科','2023-09-01','2027-07-01','在读',1,NULL,NULL,NULL,NULL,'2025-04-06 13:12:59','2025-04-06 13:12:59'),('20231007010209','张30','女',NULL,NULL,'汉族','共青团员','202310070102','100701','1007','本科','2023-09-01','2027-07-01','在读',1,NULL,NULL,NULL,NULL,'2025-04-06 13:12:59','2025-04-06 13:12:59'),('20231007010210','李55','男',NULL,NULL,'汉族','群众','202310070102','100701','1007','本科','2023-09-01','2027-07-01','在读',1,NULL,NULL,NULL,NULL,'2025-04-06 13:12:59','2025-04-06 13:12:59'),('20231007010211','张82','男',NULL,NULL,'汉族','群众','202310070102','100701','1007','本科','2023-09-01','2027-07-01','在读',1,NULL,NULL,NULL,NULL,'2025-04-06 13:12:59','2025-04-06 13:12:59'),('20231007010212','李19','女',NULL,NULL,'汉族','中共党员','202310070102','100701','1007','本科','2023-09-01','2027-07-01','在读',1,NULL,NULL,NULL,NULL,'2025-04-06 13:12:59','2025-04-06 13:12:59'),('20231007010213','张71','男',NULL,NULL,'汉族','共青团员','202310070102','100701','1007','本科','2023-09-01','2027-07-01','在读',1,NULL,NULL,NULL,NULL,'2025-04-06 13:12:59','2025-04-06 13:12:59'),('20231007010214','李45','男',NULL,NULL,'汉族','群众','202310070102','100701','1007','本科','2023-09-01','2027-07-01','在读',1,NULL,NULL,NULL,NULL,'2025-04-06 13:12:59','2025-04-06 13:12:59'),('20231007010215','张19','女',NULL,NULL,'汉族','群众','202310070102','100701','1007','本科','2023-09-01','2027-07-01','在读',1,NULL,NULL,NULL,NULL,'2025-04-06 13:12:59','2025-04-06 13:12:59'),('20231007010216','李50','男',NULL,NULL,'汉族','中共党员','202310070102','100701','1007','本科','2023-09-01','2027-07-01','在读',1,NULL,NULL,NULL,NULL,'2025-04-06 13:12:59','2025-04-06 13:12:59'),('20231007010217','张10','男',NULL,NULL,'汉族','共青团员','202310070102','100701','1007','本科','2023-09-01','2027-07-01','在读',1,NULL,NULL,NULL,NULL,'2025-04-06 13:12:59','2025-04-06 13:12:59'),('20231007010218','李68','女',NULL,NULL,'汉族','群众','202310070102','100701','1007','本科','2023-09-01','2027-07-01','在读',1,NULL,NULL,NULL,NULL,'2025-04-06 13:12:59','2025-04-06 13:12:59'),('20231007010219','张9','男',NULL,NULL,'汉族','群众','202310070102','100701','1007','本科','2023-09-01','2027-07-01','在读',1,NULL,NULL,NULL,NULL,'2025-04-06 13:12:59','2025-04-06 13:12:59'),('20231007010220','李93','男',NULL,NULL,'汉族','中共党员','202310070102','100701','1007','本科','2023-09-01','2027-07-01','在读',1,NULL,NULL,NULL,NULL,'2025-04-06 13:12:59','2025-04-06 13:12:59'),('20231007010221','张19','女',NULL,NULL,'汉族','共青团员','202310070102','100701','1007','本科','2023-09-01','2027-07-01','在读',1,NULL,NULL,NULL,NULL,'2025-04-06 13:12:59','2025-04-06 13:12:59'),('20231007010222','李34','男',NULL,NULL,'汉族','群众','202310070102','100701','1007','本科','2023-09-01','2027-07-01','在读',1,NULL,NULL,NULL,NULL,'2025-04-06 13:12:59','2025-04-06 13:12:59'),('20231007010223','张51','男',NULL,NULL,'汉族','群众','202310070102','100701','1007','本科','2023-09-01','2027-07-01','在读',1,NULL,NULL,NULL,NULL,'2025-04-06 13:12:59','2025-04-06 13:12:59'),('20231007010224','李40','女',NULL,NULL,'汉族','中共党员','202310070102','100701','1007','本科','2023-09-01','2027-07-01','在读',1,NULL,NULL,NULL,NULL,'2025-04-06 13:12:59','2025-04-06 13:12:59'),('20231007010225','张84','男',NULL,NULL,'汉族','共青团员','202310070102','100701','1007','本科','2023-09-01','2027-07-01','在读',1,NULL,NULL,NULL,NULL,'2025-04-06 13:12:59','2025-04-06 13:12:59'),('20231007010226','李93','男',NULL,NULL,'汉族','群众','202310070102','100701','1007','本科','2023-09-01','2027-07-01','在读',1,NULL,NULL,NULL,NULL,'2025-04-06 13:12:59','2025-04-06 13:12:59'),('20231007010227','张60','女',NULL,NULL,'汉族','群众','202310070102','100701','1007','本科','2023-09-01','2027-07-01','在读',1,NULL,NULL,NULL,NULL,'2025-04-06 13:12:59','2025-04-06 13:12:59'),('20231007010228','李36','男',NULL,NULL,'汉族','中共党员','202310070102','100701','1007','本科','2023-09-01','2027-07-01','在读',1,NULL,NULL,NULL,NULL,'2025-04-06 13:12:59','2025-04-06 13:12:59'),('20231007010229','张7','男',NULL,NULL,'汉族','共青团员','202310070102','100701','1007','本科','2023-09-01','2027-07-01','在读',1,NULL,NULL,NULL,NULL,'2025-04-06 13:12:59','2025-04-06 13:12:59'),('20231007010230','李67','女',NULL,NULL,'汉族','群众','202310070102','100701','1007','本科','2023-09-01','2027-07-01','在读',1,NULL,NULL,NULL,NULL,'2025-04-06 13:12:59','2025-04-06 13:12:59'),('20231008010101','张95','男',NULL,NULL,'汉族','共青团员','202310080101','100801','1008','本科','2023-09-01','2027-07-01','在读',1,NULL,NULL,NULL,NULL,'2025-04-06 13:12:59','2025-04-06 13:12:59'),('20231008010102','李32','男',NULL,NULL,'汉族','群众','202310080101','100801','1008','本科','2023-09-01','2027-07-01','在读',1,NULL,NULL,NULL,NULL,'2025-04-06 13:12:59','2025-04-06 13:12:59'),('20231008010103','张22','女',NULL,NULL,'汉族','群众','202310080101','100801','1008','本科','2023-09-01','2027-07-01','在读',1,NULL,NULL,NULL,NULL,'2025-04-06 13:12:59','2025-04-06 13:12:59'),('20231008010104','李60','男',NULL,NULL,'汉族','中共党员','202310080101','100801','1008','本科','2023-09-01','2027-07-01','在读',1,NULL,NULL,NULL,NULL,'2025-04-06 13:12:59','2025-04-06 13:12:59'),('20231008010105','张26','男',NULL,NULL,'汉族','共青团员','202310080101','100801','1008','本科','2023-09-01','2027-07-01','在读',1,NULL,NULL,NULL,NULL,'2025-04-06 13:12:59','2025-04-06 13:12:59'),('20231008010106','李23','女',NULL,NULL,'汉族','群众','202310080101','100801','1008','本科','2023-09-01','2027-07-01','在读',1,NULL,NULL,NULL,NULL,'2025-04-06 13:12:59','2025-04-06 13:12:59'),('20231008010107','张30','男',NULL,NULL,'汉族','群众','202310080101','100801','1008','本科','2023-09-01','2027-07-01','在读',1,NULL,NULL,NULL,NULL,'2025-04-06 13:12:59','2025-04-06 13:12:59'),('20231008010108','李9','男',NULL,NULL,'汉族','中共党员','202310080101','100801','1008','本科','2023-09-01','2027-07-01','在读',1,NULL,NULL,NULL,NULL,'2025-04-06 13:12:59','2025-04-06 13:12:59'),('20231008010109','张5','女',NULL,NULL,'汉族','共青团员','202310080101','100801','1008','本科','2023-09-01','2027-07-01','在读',1,NULL,NULL,NULL,NULL,'2025-04-06 13:12:59','2025-04-06 13:12:59'),('20231008010110','李72','男',NULL,NULL,'汉族','群众','202310080101','100801','1008','本科','2023-09-01','2027-07-01','在读',1,NULL,NULL,NULL,NULL,'2025-04-06 13:12:59','2025-04-06 13:12:59'),('20231008010111','张52','男',NULL,NULL,'汉族','群众','202310080101','100801','1008','本科','2023-09-01','2027-07-01','在读',1,NULL,NULL,NULL,NULL,'2025-04-06 13:12:59','2025-04-06 13:12:59'),('20231008010112','李30','女',NULL,NULL,'汉族','中共党员','202310080101','100801','1008','本科','2023-09-01','2027-07-01','在读',1,NULL,NULL,NULL,NULL,'2025-04-06 13:12:59','2025-04-06 13:12:59'),('20231008010113','张32','男',NULL,NULL,'汉族','共青团员','202310080101','100801','1008','本科','2023-09-01','2027-07-01','在读',1,NULL,NULL,NULL,NULL,'2025-04-06 13:12:59','2025-04-06 13:12:59'),('20231008010114','李78','男',NULL,NULL,'汉族','群众','202310080101','100801','1008','本科','2023-09-01','2027-07-01','在读',1,NULL,NULL,NULL,NULL,'2025-04-06 13:12:59','2025-04-06 13:12:59'),('20231008010115','张19','女',NULL,NULL,'汉族','群众','202310080101','100801','1008','本科','2023-09-01','2027-07-01','在读',1,NULL,NULL,NULL,NULL,'2025-04-06 13:12:59','2025-04-06 13:12:59'),('20231008010116','李6','男',NULL,NULL,'汉族','中共党员','202310080101','100801','1008','本科','2023-09-01','2027-07-01','在读',1,NULL,NULL,NULL,NULL,'2025-04-06 13:12:59','2025-04-06 13:12:59'),('20231008010117','张70','男',NULL,NULL,'汉族','共青团员','202310080101','100801','1008','本科','2023-09-01','2027-07-01','在读',1,NULL,NULL,NULL,NULL,'2025-04-06 13:12:59','2025-04-06 13:12:59'),('20231008010118','李15','女',NULL,NULL,'汉族','群众','202310080101','100801','1008','本科','2023-09-01','2027-07-01','在读',1,NULL,NULL,NULL,NULL,'2025-04-06 13:12:59','2025-04-06 13:12:59'),('20231008010119','张68','男',NULL,NULL,'汉族','群众','202310080101','100801','1008','本科','2023-09-01','2027-07-01','在读',1,NULL,NULL,NULL,NULL,'2025-04-06 13:12:59','2025-04-06 13:12:59'),('20231008010120','李75','男',NULL,NULL,'汉族','中共党员','202310080101','100801','1008','本科','2023-09-01','2027-07-01','在读',1,NULL,NULL,NULL,NULL,'2025-04-06 13:12:59','2025-04-06 13:12:59'),('20231008010121','张69','女',NULL,NULL,'汉族','共青团员','202310080101','100801','1008','本科','2023-09-01','2027-07-01','在读',1,NULL,NULL,NULL,NULL,'2025-04-06 13:12:59','2025-04-06 13:12:59'),('20231008010122','李58','男',NULL,NULL,'汉族','群众','202310080101','100801','1008','本科','2023-09-01','2027-07-01','在读',1,NULL,NULL,NULL,NULL,'2025-04-06 13:12:59','2025-04-06 13:12:59'),('20231008010123','张40','男',NULL,NULL,'汉族','群众','202310080101','100801','1008','本科','2023-09-01','2027-07-01','在读',1,NULL,NULL,NULL,NULL,'2025-04-06 13:12:59','2025-04-06 13:12:59'),('20231008010124','李47','女',NULL,NULL,'汉族','中共党员','202310080101','100801','1008','本科','2023-09-01','2027-07-01','在读',1,NULL,NULL,NULL,NULL,'2025-04-06 13:12:59','2025-04-06 13:12:59'),('20231008010125','张99','男',NULL,NULL,'汉族','共青团员','202310080101','100801','1008','本科','2023-09-01','2027-07-01','在读',1,NULL,NULL,NULL,NULL,'2025-04-06 13:12:59','2025-04-06 13:12:59'),('20231008010126','李82','男',NULL,NULL,'汉族','群众','202310080101','100801','1008','本科','2023-09-01','2027-07-01','在读',1,NULL,NULL,NULL,NULL,'2025-04-06 13:12:59','2025-04-06 13:12:59'),('20231008010127','张71','女',NULL,NULL,'汉族','群众','202310080101','100801','1008','本科','2023-09-01','2027-07-01','在读',1,NULL,NULL,NULL,NULL,'2025-04-06 13:12:59','2025-04-06 13:12:59'),('20231008010128','李91','男',NULL,NULL,'汉族','中共党员','202310080101','100801','1008','本科','2023-09-01','2027-07-01','在读',1,NULL,NULL,NULL,NULL,'2025-04-06 13:12:59','2025-04-06 13:12:59'),('20231008010129','张62','男',NULL,NULL,'汉族','共青团员','202310080101','100801','1008','本科','2023-09-01','2027-07-01','在读',1,NULL,NULL,NULL,NULL,'2025-04-06 13:12:59','2025-04-06 13:12:59'),('20231008010130','李72','女',NULL,NULL,'汉族','群众','202310080101','100801','1008','本科','2023-09-01','2027-07-01','在读',1,NULL,NULL,NULL,NULL,'2025-04-06 13:12:59','2025-04-06 13:12:59'),('20231008010201','张42','男',NULL,NULL,'汉族','共青团员','202310080102','100801','1008','本科','2023-09-01','2027-07-01','在读',1,NULL,NULL,NULL,NULL,'2025-04-06 13:12:59','2025-04-06 13:12:59'),('20231008010202','李37','男',NULL,NULL,'汉族','群众','202310080102','100801','1008','本科','2023-09-01','2027-07-01','在读',1,NULL,NULL,NULL,NULL,'2025-04-06 13:12:59','2025-04-06 13:12:59'),('20231008010203','张47','女',NULL,NULL,'汉族','群众','202310080102','100801','1008','本科','2023-09-01','2027-07-01','在读',1,NULL,NULL,NULL,NULL,'2025-04-06 13:12:59','2025-04-06 13:12:59'),('20231008010204','李33','男',NULL,NULL,'汉族','中共党员','202310080102','100801','1008','本科','2023-09-01','2027-07-01','在读',1,NULL,NULL,NULL,NULL,'2025-04-06 13:12:59','2025-04-06 13:12:59'),('20231008010205','张40','男',NULL,NULL,'汉族','共青团员','202310080102','100801','1008','本科','2023-09-01','2027-07-01','在读',1,NULL,NULL,NULL,NULL,'2025-04-06 13:12:59','2025-04-06 13:12:59'),('20231008010206','李89','女',NULL,NULL,'汉族','群众','202310080102','100801','1008','本科','2023-09-01','2027-07-01','在读',1,NULL,NULL,NULL,NULL,'2025-04-06 13:12:59','2025-04-06 13:12:59'),('20231008010207','张2','男',NULL,NULL,'汉族','群众','202310080102','100801','1008','本科','2023-09-01','2027-07-01','在读',1,NULL,NULL,NULL,NULL,'2025-04-06 13:12:59','2025-04-06 13:12:59'),('20231008010208','李7','男',NULL,NULL,'汉族','中共党员','202310080102','100801','1008','本科','2023-09-01','2027-07-01','在读',1,NULL,NULL,NULL,NULL,'2025-04-06 13:12:59','2025-04-06 13:12:59'),('20231008010209','张78','女',NULL,NULL,'汉族','共青团员','202310080102','100801','1008','本科','2023-09-01','2027-07-01','在读',1,NULL,NULL,NULL,NULL,'2025-04-06 13:12:59','2025-04-06 13:12:59'),('20231008010210','李62','男',NULL,NULL,'汉族','群众','202310080102','100801','1008','本科','2023-09-01','2027-07-01','在读',1,NULL,NULL,NULL,NULL,'2025-04-06 13:12:59','2025-04-06 13:12:59'),('20231008010211','张77','男',NULL,NULL,'汉族','群众','202310080102','100801','1008','本科','2023-09-01','2027-07-01','在读',1,NULL,NULL,NULL,NULL,'2025-04-06 13:12:59','2025-04-06 13:12:59'),('20231008010212','李74','女',NULL,NULL,'汉族','中共党员','202310080102','100801','1008','本科','2023-09-01','2027-07-01','在读',1,NULL,NULL,NULL,NULL,'2025-04-06 13:12:59','2025-04-06 13:12:59'),('20231008010213','张98','男',NULL,NULL,'汉族','共青团员','202310080102','100801','1008','本科','2023-09-01','2027-07-01','在读',1,NULL,NULL,NULL,NULL,'2025-04-06 13:12:59','2025-04-06 13:12:59'),('20231008010214','李39','男',NULL,NULL,'汉族','群众','202310080102','100801','1008','本科','2023-09-01','2027-07-01','在读',1,NULL,NULL,NULL,NULL,'2025-04-06 13:12:59','2025-04-06 13:12:59'),('20231008010215','张33','女',NULL,NULL,'汉族','群众','202310080102','100801','1008','本科','2023-09-01','2027-07-01','在读',1,NULL,NULL,NULL,NULL,'2025-04-06 13:12:59','2025-04-06 13:12:59'),('20231008010216','李42','男',NULL,NULL,'汉族','中共党员','202310080102','100801','1008','本科','2023-09-01','2027-07-01','在读',1,NULL,NULL,NULL,NULL,'2025-04-06 13:12:59','2025-04-06 13:12:59'),('20231008010217','张92','男',NULL,NULL,'汉族','共青团员','202310080102','100801','1008','本科','2023-09-01','2027-07-01','在读',1,NULL,NULL,NULL,NULL,'2025-04-06 13:12:59','2025-04-06 13:12:59'),('20231008010218','李73','女',NULL,NULL,'汉族','群众','202310080102','100801','1008','本科','2023-09-01','2027-07-01','在读',1,NULL,NULL,NULL,NULL,'2025-04-06 13:12:59','2025-04-06 13:12:59'),('20231008010219','张91','男',NULL,NULL,'汉族','群众','202310080102','100801','1008','本科','2023-09-01','2027-07-01','在读',1,NULL,NULL,NULL,NULL,'2025-04-06 13:12:59','2025-04-06 13:12:59'),('20231008010220','李95','男',NULL,NULL,'汉族','中共党员','202310080102','100801','1008','本科','2023-09-01','2027-07-01','在读',1,NULL,NULL,NULL,NULL,'2025-04-06 13:12:59','2025-04-06 13:12:59'),('20231008010221','张28','女',NULL,NULL,'汉族','共青团员','202310080102','100801','1008','本科','2023-09-01','2027-07-01','在读',1,NULL,NULL,NULL,NULL,'2025-04-06 13:12:59','2025-04-06 13:12:59'),('20231008010222','李48','男',NULL,NULL,'汉族','群众','202310080102','100801','1008','本科','2023-09-01','2027-07-01','在读',1,NULL,NULL,NULL,NULL,'2025-04-06 13:12:59','2025-04-06 13:12:59'),('20231008010223','张4','男',NULL,NULL,'汉族','群众','202310080102','100801','1008','本科','2023-09-01','2027-07-01','在读',1,NULL,NULL,NULL,NULL,'2025-04-06 13:12:59','2025-04-06 13:12:59'),('20231008010224','李58','女',NULL,NULL,'汉族','中共党员','202310080102','100801','1008','本科','2023-09-01','2027-07-01','在读',1,NULL,NULL,NULL,NULL,'2025-04-06 13:12:59','2025-04-06 13:12:59'),('20231008010225','张62','男',NULL,NULL,'汉族','共青团员','202310080102','100801','1008','本科','2023-09-01','2027-07-01','在读',1,NULL,NULL,NULL,NULL,'2025-04-06 13:12:59','2025-04-06 13:12:59'),('20231008010226','李51','男',NULL,NULL,'汉族','群众','202310080102','100801','1008','本科','2023-09-01','2027-07-01','在读',1,NULL,NULL,NULL,NULL,'2025-04-06 13:12:59','2025-04-06 13:12:59'),('20231008010227','张31','女',NULL,NULL,'汉族','群众','202310080102','100801','1008','本科','2023-09-01','2027-07-01','在读',1,NULL,NULL,NULL,NULL,'2025-04-06 13:12:59','2025-04-06 13:12:59'),('20231008010228','李35','男',NULL,NULL,'汉族','中共党员','202310080102','100801','1008','本科','2023-09-01','2027-07-01','在读',1,NULL,NULL,NULL,NULL,'2025-04-06 13:12:59','2025-04-06 13:12:59'),('20231008010229','张15','男',NULL,NULL,'汉族','共青团员','202310080102','100801','1008','本科','2023-09-01','2027-07-01','在读',1,NULL,NULL,NULL,NULL,'2025-04-06 13:12:59','2025-04-06 13:12:59'),('20231008010230','李80','女',NULL,NULL,'汉族','群众','202310080102','100801','1008','本科','2023-09-01','2027-07-01','在读',1,NULL,NULL,NULL,NULL,'2025-04-06 13:12:59','2025-04-06 13:12:59'),('20231009010101','张33','男',NULL,NULL,'汉族','共青团员','202310090101','100901','1009','本科','2023-09-01','2027-07-01','在读',1,NULL,NULL,NULL,NULL,'2025-04-06 13:12:59','2025-04-06 13:12:59'),('20231009010102','李40','男',NULL,NULL,'汉族','群众','202310090101','100901','1009','本科','2023-09-01','2027-07-01','在读',1,NULL,NULL,NULL,NULL,'2025-04-06 13:12:59','2025-04-06 13:12:59'),('20231009010103','张56','女',NULL,NULL,'汉族','群众','202310090101','100901','1009','本科','2023-09-01','2027-07-01','在读',1,NULL,NULL,NULL,NULL,'2025-04-06 13:12:59','2025-04-06 13:12:59'),('20231009010104','李46','男',NULL,NULL,'汉族','中共党员','202310090101','100901','1009','本科','2023-09-01','2027-07-01','在读',1,NULL,NULL,NULL,NULL,'2025-04-06 13:12:59','2025-04-06 13:12:59'),('20231009010105','张92','男',NULL,NULL,'汉族','共青团员','202310090101','100901','1009','本科','2023-09-01','2027-07-01','在读',1,NULL,NULL,NULL,NULL,'2025-04-06 13:12:59','2025-04-06 13:12:59'),('20231009010106','李5','女',NULL,NULL,'汉族','群众','202310090101','100901','1009','本科','2023-09-01','2027-07-01','在读',1,NULL,NULL,NULL,NULL,'2025-04-06 13:12:59','2025-04-06 13:12:59'),('20231009010107','张44','男',NULL,NULL,'汉族','群众','202310090101','100901','1009','本科','2023-09-01','2027-07-01','在读',1,NULL,NULL,NULL,NULL,'2025-04-06 13:12:59','2025-04-06 13:12:59'),('20231009010108','李5','男',NULL,NULL,'汉族','中共党员','202310090101','100901','1009','本科','2023-09-01','2027-07-01','在读',1,NULL,NULL,NULL,NULL,'2025-04-06 13:12:59','2025-04-06 13:12:59'),('20231009010109','张61','女',NULL,NULL,'汉族','共青团员','202310090101','100901','1009','本科','2023-09-01','2027-07-01','在读',1,NULL,NULL,NULL,NULL,'2025-04-06 13:12:59','2025-04-06 13:12:59'),('20231009010110','李33','男',NULL,NULL,'汉族','群众','202310090101','100901','1009','本科','2023-09-01','2027-07-01','在读',1,NULL,NULL,NULL,NULL,'2025-04-06 13:12:59','2025-04-06 13:12:59'),('20231009010111','张2','男',NULL,NULL,'汉族','群众','202310090101','100901','1009','本科','2023-09-01','2027-07-01','在读',1,NULL,NULL,NULL,NULL,'2025-04-06 13:12:59','2025-04-06 13:12:59'),('20231009010112','李93','女',NULL,NULL,'汉族','中共党员','202310090101','100901','1009','本科','2023-09-01','2027-07-01','在读',1,NULL,NULL,NULL,NULL,'2025-04-06 13:12:59','2025-04-06 13:12:59'),('20231009010113','张87','男',NULL,NULL,'汉族','共青团员','202310090101','100901','1009','本科','2023-09-01','2027-07-01','在读',1,NULL,NULL,NULL,NULL,'2025-04-06 13:12:59','2025-04-06 13:12:59'),('20231009010114','李48','男',NULL,NULL,'汉族','群众','202310090101','100901','1009','本科','2023-09-01','2027-07-01','在读',1,NULL,NULL,NULL,NULL,'2025-04-06 13:12:59','2025-04-06 13:12:59'),('20231009010115','张84','女',NULL,NULL,'汉族','群众','202310090101','100901','1009','本科','2023-09-01','2027-07-01','在读',1,NULL,NULL,NULL,NULL,'2025-04-06 13:12:59','2025-04-06 13:12:59'),('20231009010116','李91','男',NULL,NULL,'汉族','中共党员','202310090101','100901','1009','本科','2023-09-01','2027-07-01','在读',1,NULL,NULL,NULL,NULL,'2025-04-06 13:12:59','2025-04-06 13:12:59'),('20231009010117','张24','男',NULL,NULL,'汉族','共青团员','202310090101','100901','1009','本科','2023-09-01','2027-07-01','在读',1,NULL,NULL,NULL,NULL,'2025-04-06 13:12:59','2025-04-06 13:12:59'),('20231009010118','李43','女',NULL,NULL,'汉族','群众','202310090101','100901','1009','本科','2023-09-01','2027-07-01','在读',1,NULL,NULL,NULL,NULL,'2025-04-06 13:12:59','2025-04-06 13:12:59'),('20231009010119','张64','男',NULL,NULL,'汉族','群众','202310090101','100901','1009','本科','2023-09-01','2027-07-01','在读',1,NULL,NULL,NULL,NULL,'2025-04-06 13:12:59','2025-04-06 13:12:59'),('20231009010120','李25','男',NULL,NULL,'汉族','中共党员','202310090101','100901','1009','本科','2023-09-01','2027-07-01','在读',1,NULL,NULL,NULL,NULL,'2025-04-06 13:12:59','2025-04-06 13:12:59'),('20231009010121','张21','女',NULL,NULL,'汉族','共青团员','202310090101','100901','1009','本科','2023-09-01','2027-07-01','在读',1,NULL,NULL,NULL,NULL,'2025-04-06 13:12:59','2025-04-06 13:12:59'),('20231009010122','李60','男',NULL,NULL,'汉族','群众','202310090101','100901','1009','本科','2023-09-01','2027-07-01','在读',1,NULL,NULL,NULL,NULL,'2025-04-06 13:12:59','2025-04-06 13:12:59'),('20231009010123','张93','男',NULL,NULL,'汉族','群众','202310090101','100901','1009','本科','2023-09-01','2027-07-01','在读',1,NULL,NULL,NULL,NULL,'2025-04-06 13:12:59','2025-04-06 13:12:59'),('20231009010124','李2','女',NULL,NULL,'汉族','中共党员','202310090101','100901','1009','本科','2023-09-01','2027-07-01','在读',1,NULL,NULL,NULL,NULL,'2025-04-06 13:12:59','2025-04-06 13:12:59'),('20231009010125','张6','男',NULL,NULL,'汉族','共青团员','202310090101','100901','1009','本科','2023-09-01','2027-07-01','在读',1,NULL,NULL,NULL,NULL,'2025-04-06 13:12:59','2025-04-06 13:12:59'),('20231009010126','李76','男',NULL,NULL,'汉族','群众','202310090101','100901','1009','本科','2023-09-01','2027-07-01','在读',1,NULL,NULL,NULL,NULL,'2025-04-06 13:12:59','2025-04-06 13:12:59'),('20231009010127','张92','女',NULL,NULL,'汉族','群众','202310090101','100901','1009','本科','2023-09-01','2027-07-01','在读',1,NULL,NULL,NULL,NULL,'2025-04-06 13:12:59','2025-04-06 13:12:59'),('20231009010128','李61','男',NULL,NULL,'汉族','中共党员','202310090101','100901','1009','本科','2023-09-01','2027-07-01','在读',1,NULL,NULL,NULL,NULL,'2025-04-06 13:12:59','2025-04-06 13:12:59'),('20231009010129','张72','男',NULL,NULL,'汉族','共青团员','202310090101','100901','1009','本科','2023-09-01','2027-07-01','在读',1,NULL,NULL,NULL,NULL,'2025-04-06 13:12:59','2025-04-06 13:12:59'),('20231009010130','李99','女',NULL,NULL,'汉族','群众','202310090101','100901','1009','本科','2023-09-01','2027-07-01','在读',1,NULL,NULL,NULL,NULL,'2025-04-06 13:12:59','2025-04-06 13:12:59'),('20231009010201','张74','男',NULL,NULL,'汉族','共青团员','202310090102','100901','1009','本科','2023-09-01','2027-07-01','在读',1,NULL,NULL,NULL,NULL,'2025-04-06 13:12:59','2025-04-06 13:12:59'),('20231009010202','李34','男',NULL,NULL,'汉族','群众','202310090102','100901','1009','本科','2023-09-01','2027-07-01','在读',1,NULL,NULL,NULL,NULL,'2025-04-06 13:12:59','2025-04-06 13:12:59'),('20231009010203','张66','女',NULL,NULL,'汉族','群众','202310090102','100901','1009','本科','2023-09-01','2027-07-01','在读',1,NULL,NULL,NULL,NULL,'2025-04-06 13:12:59','2025-04-06 13:12:59'),('20231009010204','李99','男',NULL,NULL,'汉族','中共党员','202310090102','100901','1009','本科','2023-09-01','2027-07-01','在读',1,NULL,NULL,NULL,NULL,'2025-04-06 13:12:59','2025-04-06 13:12:59'),('20231009010205','张42','男',NULL,NULL,'汉族','共青团员','202310090102','100901','1009','本科','2023-09-01','2027-07-01','在读',1,NULL,NULL,NULL,NULL,'2025-04-06 13:12:59','2025-04-06 13:12:59'),('20231009010206','李5','女',NULL,NULL,'汉族','群众','202310090102','100901','1009','本科','2023-09-01','2027-07-01','在读',1,NULL,NULL,NULL,NULL,'2025-04-06 13:12:59','2025-04-06 13:12:59'),('20231009010207','张27','男',NULL,NULL,'汉族','群众','202310090102','100901','1009','本科','2023-09-01','2027-07-01','在读',1,NULL,NULL,NULL,NULL,'2025-04-06 13:12:59','2025-04-06 13:12:59'),('20231009010208','李44','男',NULL,NULL,'汉族','中共党员','202310090102','100901','1009','本科','2023-09-01','2027-07-01','在读',1,NULL,NULL,NULL,NULL,'2025-04-06 13:12:59','2025-04-06 13:12:59'),('20231009010209','张31','女',NULL,NULL,'汉族','共青团员','202310090102','100901','1009','本科','2023-09-01','2027-07-01','在读',1,NULL,NULL,NULL,NULL,'2025-04-06 13:12:59','2025-04-06 13:12:59'),('20231009010210','李4','男',NULL,NULL,'汉族','群众','202310090102','100901','1009','本科','2023-09-01','2027-07-01','在读',1,NULL,NULL,NULL,NULL,'2025-04-06 13:12:59','2025-04-06 13:12:59'),('20231009010211','张96','男',NULL,NULL,'汉族','群众','202310090102','100901','1009','本科','2023-09-01','2027-07-01','在读',1,NULL,NULL,NULL,NULL,'2025-04-06 13:12:59','2025-04-06 13:12:59'),('20231009010212','李59','女',NULL,NULL,'汉族','中共党员','202310090102','100901','1009','本科','2023-09-01','2027-07-01','在读',1,NULL,NULL,NULL,NULL,'2025-04-06 13:12:59','2025-04-06 13:12:59'),('20231009010213','张66','男',NULL,NULL,'汉族','共青团员','202310090102','100901','1009','本科','2023-09-01','2027-07-01','在读',1,NULL,NULL,NULL,NULL,'2025-04-06 13:12:59','2025-04-06 13:12:59'),('20231009010214','李24','男',NULL,NULL,'汉族','群众','202310090102','100901','1009','本科','2023-09-01','2027-07-01','在读',1,NULL,NULL,NULL,NULL,'2025-04-06 13:12:59','2025-04-06 13:12:59'),('20231009010215','张19','女',NULL,NULL,'汉族','群众','202310090102','100901','1009','本科','2023-09-01','2027-07-01','在读',1,NULL,NULL,NULL,NULL,'2025-04-06 13:12:59','2025-04-06 13:12:59'),('20231009010216','李23','男',NULL,NULL,'汉族','中共党员','202310090102','100901','1009','本科','2023-09-01','2027-07-01','在读',1,NULL,NULL,NULL,NULL,'2025-04-06 13:12:59','2025-04-06 13:12:59'),('20231009010217','张33','男',NULL,NULL,'汉族','共青团员','202310090102','100901','1009','本科','2023-09-01','2027-07-01','在读',1,NULL,NULL,NULL,NULL,'2025-04-06 13:12:59','2025-04-06 13:12:59'),('20231009010218','李47','女',NULL,NULL,'汉族','群众','202310090102','100901','1009','本科','2023-09-01','2027-07-01','在读',1,NULL,NULL,NULL,NULL,'2025-04-06 13:12:59','2025-04-06 13:12:59'),('20231009010219','张35','男',NULL,NULL,'汉族','群众','202310090102','100901','1009','本科','2023-09-01','2027-07-01','在读',1,NULL,NULL,NULL,NULL,'2025-04-06 13:12:59','2025-04-06 13:12:59'),('20231009010220','李42','男',NULL,NULL,'汉族','中共党员','202310090102','100901','1009','本科','2023-09-01','2027-07-01','在读',1,NULL,NULL,NULL,NULL,'2025-04-06 13:12:59','2025-04-06 13:12:59'),('20231009010221','张59','女',NULL,NULL,'汉族','共青团员','202310090102','100901','1009','本科','2023-09-01','2027-07-01','在读',1,NULL,NULL,NULL,NULL,'2025-04-06 13:12:59','2025-04-06 13:12:59'),('20231009010222','李84','男',NULL,NULL,'汉族','群众','202310090102','100901','1009','本科','2023-09-01','2027-07-01','在读',1,NULL,NULL,NULL,NULL,'2025-04-06 13:12:59','2025-04-06 13:12:59'),('20231009010223','张87','男',NULL,NULL,'汉族','群众','202310090102','100901','1009','本科','2023-09-01','2027-07-01','在读',1,NULL,NULL,NULL,NULL,'2025-04-06 13:12:59','2025-04-06 13:12:59'),('20231009010224','李84','女',NULL,NULL,'汉族','中共党员','202310090102','100901','1009','本科','2023-09-01','2027-07-01','在读',1,NULL,NULL,NULL,NULL,'2025-04-06 13:12:59','2025-04-06 13:12:59'),('20231009010225','张45','男',NULL,NULL,'汉族','共青团员','202310090102','100901','1009','本科','2023-09-01','2027-07-01','在读',1,NULL,NULL,NULL,NULL,'2025-04-06 13:12:59','2025-04-06 13:12:59'),('20231009010226','李47','男',NULL,NULL,'汉族','群众','202310090102','100901','1009','本科','2023-09-01','2027-07-01','在读',1,NULL,NULL,NULL,NULL,'2025-04-06 13:12:59','2025-04-06 13:12:59'),('20231009010227','张63','女',NULL,NULL,'汉族','群众','202310090102','100901','1009','本科','2023-09-01','2027-07-01','在读',1,NULL,NULL,NULL,NULL,'2025-04-06 13:12:59','2025-04-06 13:12:59'),('20231009010228','李57','男',NULL,NULL,'汉族','中共党员','202310090102','100901','1009','本科','2023-09-01','2027-07-01','在读',1,NULL,NULL,NULL,NULL,'2025-04-06 13:12:59','2025-04-06 13:12:59'),('20231009010229','张40','男',NULL,NULL,'汉族','共青团员','202310090102','100901','1009','本科','2023-09-01','2027-07-01','在读',1,NULL,NULL,NULL,NULL,'2025-04-06 13:12:59','2025-04-06 13:12:59'),('20231009010230','李48','女',NULL,NULL,'汉族','群众','202310090102','100901','1009','本科','2023-09-01','2027-07-01','在读',1,NULL,NULL,NULL,NULL,'2025-04-06 13:12:59','2025-04-06 13:12:59'),('20231010010101','张78','男',NULL,NULL,'汉族','共青团员','202310100101','101001','1010','本科','2023-09-01','2027-07-01','在读',1,NULL,NULL,NULL,NULL,'2025-04-06 13:12:59','2025-04-06 13:12:59'),('20231010010102','李80','男',NULL,NULL,'汉族','群众','202310100101','101001','1010','本科','2023-09-01','2027-07-01','在读',1,NULL,NULL,NULL,NULL,'2025-04-06 13:12:59','2025-04-06 13:12:59'),('20231010010103','张7','女',NULL,NULL,'汉族','群众','202310100101','101001','1010','本科','2023-09-01','2027-07-01','在读',1,NULL,NULL,NULL,NULL,'2025-04-06 13:12:59','2025-04-06 13:12:59'),('20231010010104','李85','男',NULL,NULL,'汉族','中共党员','202310100101','101001','1010','本科','2023-09-01','2027-07-01','在读',1,NULL,NULL,NULL,NULL,'2025-04-06 13:12:59','2025-04-06 13:12:59'),('20231010010105','张74','男',NULL,NULL,'汉族','共青团员','202310100101','101001','1010','本科','2023-09-01','2027-07-01','在读',1,NULL,NULL,NULL,NULL,'2025-04-06 13:12:59','2025-04-06 13:12:59'),('20231010010106','李61','女',NULL,NULL,'汉族','群众','202310100101','101001','1010','本科','2023-09-01','2027-07-01','在读',1,NULL,NULL,NULL,NULL,'2025-04-06 13:12:59','2025-04-06 13:12:59'),('20231010010107','张11','男',NULL,NULL,'汉族','群众','202310100101','101001','1010','本科','2023-09-01','2027-07-01','在读',1,NULL,NULL,NULL,NULL,'2025-04-06 13:12:59','2025-04-06 13:12:59'),('20231010010108','李64','男',NULL,NULL,'汉族','中共党员','202310100101','101001','1010','本科','2023-09-01','2027-07-01','在读',1,NULL,NULL,NULL,NULL,'2025-04-06 13:12:59','2025-04-06 13:12:59'),('20231010010109','张4','女',NULL,NULL,'汉族','共青团员','202310100101','101001','1010','本科','2023-09-01','2027-07-01','在读',1,NULL,NULL,NULL,NULL,'2025-04-06 13:12:59','2025-04-06 13:12:59'),('20231010010110','李51','男',NULL,NULL,'汉族','群众','202310100101','101001','1010','本科','2023-09-01','2027-07-01','在读',1,NULL,NULL,NULL,NULL,'2025-04-06 13:12:59','2025-04-06 13:12:59'),('20231010010111','张18','男',NULL,NULL,'汉族','群众','202310100101','101001','1010','本科','2023-09-01','2027-07-01','在读',1,NULL,NULL,NULL,NULL,'2025-04-06 13:12:59','2025-04-06 13:12:59'),('20231010010112','李46','女',NULL,NULL,'汉族','中共党员','202310100101','101001','1010','本科','2023-09-01','2027-07-01','在读',1,NULL,NULL,NULL,NULL,'2025-04-06 13:12:59','2025-04-06 13:12:59'),('20231010010113','张38','男',NULL,NULL,'汉族','共青团员','202310100101','101001','1010','本科','2023-09-01','2027-07-01','在读',1,NULL,NULL,NULL,NULL,'2025-04-06 13:12:59','2025-04-06 13:12:59'),('20231010010114','李48','男',NULL,NULL,'汉族','群众','202310100101','101001','1010','本科','2023-09-01','2027-07-01','在读',1,NULL,NULL,NULL,NULL,'2025-04-06 13:12:59','2025-04-06 13:12:59'),('20231010010115','张68','女',NULL,NULL,'汉族','群众','202310100101','101001','1010','本科','2023-09-01','2027-07-01','在读',1,NULL,NULL,NULL,NULL,'2025-04-06 13:12:59','2025-04-06 13:12:59'),('20231010010116','李31','男',NULL,NULL,'汉族','中共党员','202310100101','101001','1010','本科','2023-09-01','2027-07-01','在读',1,NULL,NULL,NULL,NULL,'2025-04-06 13:12:59','2025-04-06 13:12:59'),('20231010010117','张29','男',NULL,NULL,'汉族','共青团员','202310100101','101001','1010','本科','2023-09-01','2027-07-01','在读',1,NULL,NULL,NULL,NULL,'2025-04-06 13:12:59','2025-04-06 13:12:59'),('20231010010118','李5','女',NULL,NULL,'汉族','群众','202310100101','101001','1010','本科','2023-09-01','2027-07-01','在读',1,NULL,NULL,NULL,NULL,'2025-04-06 13:12:59','2025-04-06 13:12:59'),('20231010010119','张65','男',NULL,NULL,'汉族','群众','202310100101','101001','1010','本科','2023-09-01','2027-07-01','在读',1,NULL,NULL,NULL,NULL,'2025-04-06 13:12:59','2025-04-06 13:12:59'),('20231010010120','李74','男',NULL,NULL,'汉族','中共党员','202310100101','101001','1010','本科','2023-09-01','2027-07-01','在读',1,NULL,NULL,NULL,NULL,'2025-04-06 13:12:59','2025-04-06 13:12:59'),('20231010010121','张69','女',NULL,NULL,'汉族','共青团员','202310100101','101001','1010','本科','2023-09-01','2027-07-01','在读',1,NULL,NULL,NULL,NULL,'2025-04-06 13:12:59','2025-04-06 13:12:59'),('20231010010122','李57','男',NULL,NULL,'汉族','群众','202310100101','101001','1010','本科','2023-09-01','2027-07-01','在读',1,NULL,NULL,NULL,NULL,'2025-04-06 13:12:59','2025-04-06 13:12:59'),('20231010010123','张5','男',NULL,NULL,'汉族','群众','202310100101','101001','1010','本科','2023-09-01','2027-07-01','在读',1,NULL,NULL,NULL,NULL,'2025-04-06 13:12:59','2025-04-06 13:12:59'),('20231010010124','李90','女',NULL,NULL,'汉族','中共党员','202310100101','101001','1010','本科','2023-09-01','2027-07-01','在读',1,NULL,NULL,NULL,NULL,'2025-04-06 13:12:59','2025-04-06 13:12:59'),('20231010010125','张48','男',NULL,NULL,'汉族','共青团员','202310100101','101001','1010','本科','2023-09-01','2027-07-01','在读',1,NULL,NULL,NULL,NULL,'2025-04-06 13:12:59','2025-04-06 13:12:59'),('20231010010126','李83','男',NULL,NULL,'汉族','群众','202310100101','101001','1010','本科','2023-09-01','2027-07-01','在读',1,NULL,NULL,NULL,NULL,'2025-04-06 13:12:59','2025-04-06 13:12:59'),('20231010010127','张90','女',NULL,NULL,'汉族','群众','202310100101','101001','1010','本科','2023-09-01','2027-07-01','在读',1,NULL,NULL,NULL,NULL,'2025-04-06 13:12:59','2025-04-06 13:12:59'),('20231010010128','李89','男',NULL,NULL,'汉族','中共党员','202310100101','101001','1010','本科','2023-09-01','2027-07-01','在读',1,NULL,NULL,NULL,NULL,'2025-04-06 13:12:59','2025-04-06 13:12:59'),('20231010010129','张19','男',NULL,NULL,'汉族','共青团员','202310100101','101001','1010','本科','2023-09-01','2027-07-01','在读',1,NULL,NULL,NULL,NULL,'2025-04-06 13:12:59','2025-04-06 13:12:59'),('20231010010130','李68','女',NULL,NULL,'汉族','群众','202310100101','101001','1010','本科','2023-09-01','2027-07-01','在读',1,NULL,NULL,NULL,NULL,'2025-04-06 13:12:59','2025-04-06 13:12:59'),('20231010010201','张97','男',NULL,NULL,'汉族','共青团员','202310100102','101001','1010','本科','2023-09-01','2027-07-01','在读',1,NULL,NULL,NULL,NULL,'2025-04-06 13:12:59','2025-04-06 13:12:59'),('20231010010202','李85','男',NULL,NULL,'汉族','群众','202310100102','101001','1010','本科','2023-09-01','2027-07-01','在读',1,NULL,NULL,NULL,NULL,'2025-04-06 13:12:59','2025-04-06 13:12:59'),('20231010010203','张9','女',NULL,NULL,'汉族','群众','202310100102','101001','1010','本科','2023-09-01','2027-07-01','在读',1,NULL,NULL,NULL,NULL,'2025-04-06 13:12:59','2025-04-06 13:12:59'),('20231010010204','李87','男',NULL,NULL,'汉族','中共党员','202310100102','101001','1010','本科','2023-09-01','2027-07-01','在读',1,NULL,NULL,NULL,NULL,'2025-04-06 13:12:59','2025-04-06 13:12:59'),('20231010010205','张42','男',NULL,NULL,'汉族','共青团员','202310100102','101001','1010','本科','2023-09-01','2027-07-01','在读',1,NULL,NULL,NULL,NULL,'2025-04-06 13:12:59','2025-04-06 13:12:59'),('20231010010206','李41','女',NULL,NULL,'汉族','群众','202310100102','101001','1010','本科','2023-09-01','2027-07-01','在读',1,NULL,NULL,NULL,NULL,'2025-04-06 13:12:59','2025-04-06 13:12:59'),('20231010010207','张88','男',NULL,NULL,'汉族','群众','202310100102','101001','1010','本科','2023-09-01','2027-07-01','在读',1,NULL,NULL,NULL,NULL,'2025-04-06 13:12:59','2025-04-06 13:12:59'),('20231010010208','李33','男',NULL,NULL,'汉族','中共党员','202310100102','101001','1010','本科','2023-09-01','2027-07-01','在读',1,NULL,NULL,NULL,NULL,'2025-04-06 13:12:59','2025-04-06 13:12:59'),('20231010010209','张26','女',NULL,NULL,'汉族','共青团员','202310100102','101001','1010','本科','2023-09-01','2027-07-01','在读',1,NULL,NULL,NULL,NULL,'2025-04-06 13:12:59','2025-04-06 13:12:59'),('20231010010210','李32','男',NULL,NULL,'汉族','群众','202310100102','101001','1010','本科','2023-09-01','2027-07-01','在读',1,NULL,NULL,NULL,NULL,'2025-04-06 13:12:59','2025-04-06 13:12:59'),('20231010010211','张78','男',NULL,NULL,'汉族','群众','202310100102','101001','1010','本科','2023-09-01','2027-07-01','在读',1,NULL,NULL,NULL,NULL,'2025-04-06 13:12:59','2025-04-06 13:12:59'),('20231010010212','李53','女',NULL,NULL,'汉族','中共党员','202310100102','101001','1010','本科','2023-09-01','2027-07-01','在读',1,NULL,NULL,NULL,NULL,'2025-04-06 13:12:59','2025-04-06 13:12:59'),('20231010010213','张29','男',NULL,NULL,'汉族','共青团员','202310100102','101001','1010','本科','2023-09-01','2027-07-01','在读',1,NULL,NULL,NULL,NULL,'2025-04-06 13:12:59','2025-04-06 13:12:59'),('20231010010214','李98','男',NULL,NULL,'汉族','群众','202310100102','101001','1010','本科','2023-09-01','2027-07-01','在读',1,NULL,NULL,NULL,NULL,'2025-04-06 13:12:59','2025-04-06 13:12:59'),('20231010010215','张87','女',NULL,NULL,'汉族','群众','202310100102','101001','1010','本科','2023-09-01','2027-07-01','在读',1,NULL,NULL,NULL,NULL,'2025-04-06 13:12:59','2025-04-06 13:12:59'),('20231010010216','李13','男',NULL,NULL,'汉族','中共党员','202310100102','101001','1010','本科','2023-09-01','2027-07-01','在读',1,NULL,NULL,NULL,NULL,'2025-04-06 13:12:59','2025-04-06 13:12:59'),('20231010010217','张60','男',NULL,NULL,'汉族','共青团员','202310100102','101001','1010','本科','2023-09-01','2027-07-01','在读',1,NULL,NULL,NULL,NULL,'2025-04-06 13:12:59','2025-04-06 13:12:59'),('20231010010218','李95','女',NULL,NULL,'汉族','群众','202310100102','101001','1010','本科','2023-09-01','2027-07-01','在读',1,NULL,NULL,NULL,NULL,'2025-04-06 13:12:59','2025-04-06 13:12:59'),('20231010010219','张5','男',NULL,NULL,'汉族','群众','202310100102','101001','1010','本科','2023-09-01','2027-07-01','在读',1,NULL,NULL,NULL,NULL,'2025-04-06 13:12:59','2025-04-06 13:12:59'),('20231010010220','李11','男',NULL,NULL,'汉族','中共党员','202310100102','101001','1010','本科','2023-09-01','2027-07-01','在读',1,NULL,NULL,NULL,NULL,'2025-04-06 13:12:59','2025-04-06 13:12:59'),('20231010010221','张50','女',NULL,NULL,'汉族','共青团员','202310100102','101001','1010','本科','2023-09-01','2027-07-01','在读',1,NULL,NULL,NULL,NULL,'2025-04-06 13:12:59','2025-04-06 13:12:59'),('20231010010222','李79','男',NULL,NULL,'汉族','群众','202310100102','101001','1010','本科','2023-09-01','2027-07-01','在读',1,NULL,NULL,NULL,NULL,'2025-04-06 13:12:59','2025-04-06 13:12:59'),('20231010010223','张16','男',NULL,NULL,'汉族','群众','202310100102','101001','1010','本科','2023-09-01','2027-07-01','在读',1,NULL,NULL,NULL,NULL,'2025-04-06 13:12:59','2025-04-06 13:12:59'),('20231010010224','李33','女',NULL,NULL,'汉族','中共党员','202310100102','101001','1010','本科','2023-09-01','2027-07-01','在读',1,NULL,NULL,NULL,NULL,'2025-04-06 13:12:59','2025-04-06 13:12:59'),('20231010010225','张17','男',NULL,NULL,'汉族','共青团员','202310100102','101001','1010','本科','2023-09-01','2027-07-01','在读',1,NULL,NULL,NULL,NULL,'2025-04-06 13:12:59','2025-04-06 13:12:59'),('20231010010226','李50','男',NULL,NULL,'汉族','群众','202310100102','101001','1010','本科','2023-09-01','2027-07-01','在读',1,NULL,NULL,NULL,NULL,'2025-04-06 13:12:59','2025-04-06 13:12:59'),('20231010010227','张78','女',NULL,NULL,'汉族','群众','202310100102','101001','1010','本科','2023-09-01','2027-07-01','在读',1,NULL,NULL,NULL,NULL,'2025-04-06 13:12:59','2025-04-06 13:12:59'),('20231010010228','李47','男',NULL,NULL,'汉族','中共党员','202310100102','101001','1010','本科','2023-09-01','2027-07-01','在读',1,NULL,NULL,NULL,NULL,'2025-04-06 13:12:59','2025-04-06 13:12:59'),('20231010010229','张20','男',NULL,NULL,'汉族','共青团员','202310100102','101001','1010','本科','2023-09-01','2027-07-01','在读',1,NULL,NULL,NULL,NULL,'2025-04-06 13:12:59','2025-04-06 13:12:59'),('20231010010230','李51','女',NULL,NULL,'汉族','群众','202310100102','101001','1010','本科','2023-09-01','2027-07-01','在读',1,NULL,NULL,NULL,NULL,'2025-04-06 13:12:59','2025-04-06 13:12:59');
/*!40000 ALTER TABLE `students` ENABLE KEYS */;
UNLOCK TABLES;
/*!50003 SET @saved_cs_client      = @@character_set_client */ ;
/*!50003 SET @saved_cs_results     = @@character_set_results */ ;
/*!50003 SET @saved_col_connection = @@collation_connection */ ;
/*!50003 SET character_set_client  = utf8mb4 */ ;
/*!50003 SET character_set_results = utf8mb4 */ ;
/*!50003 SET collation_connection  = utf8mb4_0900_ai_ci */ ;
/*!50003 SET @saved_sql_mode       = @@sql_mode */ ;
/*!50003 SET sql_mode              = 'STRICT_TRANS_TABLES,NO_ZERO_IN_DATE,NO_ZERO_DATE,ERROR_FOR_DIVISION_BY_ZERO,NO_ENGINE_SUBSTITUTION' */ ;
DELIMITER ;;
/*!50003 CREATE*/ /*!50017 DEFINER=`root`@`localhost`*/ /*!50003 TRIGGER `before_student_insert` BEFORE INSERT ON `students` FOR EACH ROW BEGIN
    -- 检查学号格式是否正确（14位数字）
    IF NEW.id NOT REGEXP '^[0-9]{14}$' THEN
        SIGNAL SQLSTATE '45000'
        SET MESSAGE_TEXT = '学号必须是14位数字';
    END IF;

    -- 检查年份部分（前4位）是否是有效的年份（假设从2000年开始）
    IF CAST(SUBSTRING(NEW.id, 1, 4) AS UNSIGNED) < 2000 OR
       CAST(SUBSTRING(NEW.id, 1, 4) AS UNSIGNED) > YEAR(CURDATE()) THEN
        SIGNAL SQLSTATE '45000'
        SET MESSAGE_TEXT = '学号的年份部分无效（必须在2000年到当前年份之间）';
    END IF;
END */;;
DELIMITER ;
/*!50003 SET sql_mode              = @saved_sql_mode */ ;
/*!50003 SET character_set_client  = @saved_cs_client */ ;
/*!50003 SET character_set_results = @saved_cs_results */ ;
/*!50003 SET collation_connection  = @saved_col_connection */ ;

--
-- Table structure for table `teacher_accounts`
--

DROP TABLE IF EXISTS `teacher_accounts`;
/*!40101 SET @saved_cs_client     = @@character_set_client */;
/*!50503 SET character_set_client = utf8mb4 */;
CREATE TABLE `teacher_accounts` (
  `teacher_id` char(11) NOT NULL COMMENT '教师工号(格式：入职年份4位+部门号4位+序列号3位)',
  `password_hash` varchar(255) NOT NULL COMMENT '密码哈希',
  `email` varchar(100) DEFAULT NULL COMMENT '邮箱',
  `last_login` datetime DEFAULT NULL COMMENT '最后登录时间',
  `is_active` tinyint(1) NOT NULL DEFAULT '1' COMMENT '是否激活',
  `password_updated_at` datetime DEFAULT CURRENT_TIMESTAMP COMMENT '密码更新时间',
  `created_at` timestamp NOT NULL DEFAULT CURRENT_TIMESTAMP,
  `updated_at` timestamp NOT NULL DEFAULT CURRENT_TIMESTAMP ON UPDATE CURRENT_TIMESTAMP,
  PRIMARY KEY (`teacher_id`),
  UNIQUE KEY `email` (`email`),
  KEY `idx_last_login` (`last_login`),
  CONSTRAINT `teacher_accounts_ibfk_1` FOREIGN KEY (`teacher_id`) REFERENCES `teachers` (`id`)
) ENGINE=InnoDB DEFAULT CHARSET=utf8mb4 COLLATE=utf8mb4_0900_ai_ci COMMENT='教师账户表';
/*!40101 SET character_set_client = @saved_cs_client */;

--
-- Dumping data for table `teacher_accounts`
--

LOCK TABLES `teacher_accounts` WRITE;
/*!40000 ALTER TABLE `teacher_accounts` DISABLE KEYS */;
INSERT INTO `teacher_accounts` VALUES ('20231001001','$2a$10$9FhotmJvsYUwCI/nLY5y8ONj9/aAWky8DOLZyCauV1to.kdu4IYiu',NULL,'2025-04-08 19:52:28',1,'2025-04-10 13:00:57','2025-04-06 12:44:58','2025-04-10 05:00:56'),('20231001002','$2a$10$Resdh70rW.dquGe6h5ht7uZ9NbInW9rCjJWReSWKY8UOk8LFLyVqW',NULL,'2025-04-08 20:31:00',1,'2025-04-08 20:30:27','2025-04-06 12:44:58','2025-04-08 12:31:00'),('20231001003','$2a$10$7O2MNNp8oQXbO7sC1tMG3egDg1WVNeVnhL5lhaVTQ.oTew18zbzAW',NULL,NULL,1,'2025-04-06 20:44:58','2025-04-06 12:44:58','2025-04-06 12:44:58'),('20231001004','$2a$10$7O2MNNp8oQXbO7sC1tMG3egDg1WVNeVnhL5lhaVTQ.oTew18zbzAW',NULL,NULL,1,'2025-04-08 16:29:52','2025-04-08 08:29:52','2025-04-08 08:29:52'),('20231002001','$2a$10$7O2MNNp8oQXbO7sC1tMG3egDg1WVNeVnhL5lhaVTQ.oTew18zbzAW',NULL,NULL,1,'2025-04-06 20:44:58','2025-04-06 12:44:58','2025-04-06 12:44:58'),('20231002002','$2a$10$7O2MNNp8oQXbO7sC1tMG3egDg1WVNeVnhL5lhaVTQ.oTew18zbzAW',NULL,NULL,1,'2025-04-06 20:44:58','2025-04-06 12:44:58','2025-04-06 12:44:58'),('20231002003','$2a$10$7O2MNNp8oQXbO7sC1tMG3egDg1WVNeVnhL5lhaVTQ.oTew18zbzAW',NULL,NULL,1,'2025-04-06 20:44:58','2025-04-06 12:44:58','2025-04-06 12:44:58'),('20231002022','$2a$10$7O2MNNp8oQXbO7sC1tMG3egDg1WVNeVnhL5lhaVTQ.oTew18zbzAW',NULL,NULL,1,'2025-04-08 19:46:43','2025-04-08 11:46:43','2025-04-08 11:46:43'),('20231002456','$2a$10$7O2MNNp8oQXbO7sC1tMG3egDg1WVNeVnhL5lhaVTQ.oTew18zbzAW',NULL,NULL,1,'2025-04-08 19:11:07','2025-04-08 11:11:07','2025-04-08 11:11:07'),('20231003001','$2a$10$7O2MNNp8oQXbO7sC1tMG3egDg1WVNeVnhL5lhaVTQ.oTew18zbzAW',NULL,NULL,1,'2025-04-06 20:44:58','2025-04-06 12:44:58','2025-04-06 12:44:58'),('20231003002','$2a$10$7O2MNNp8oQXbO7sC1tMG3egDg1WVNeVnhL5lhaVTQ.oTew18zbzAW',NULL,NULL,1,'2025-04-06 20:44:58','2025-04-06 12:44:58','2025-04-06 12:44:58'),('20231003003','$2a$10$7O2MNNp8oQXbO7sC1tMG3egDg1WVNeVnhL5lhaVTQ.oTew18zbzAW',NULL,NULL,1,'2025-04-06 20:44:58','2025-04-06 12:44:58','2025-04-06 12:44:58'),('20231004001','$2a$10$7O2MNNp8oQXbO7sC1tMG3egDg1WVNeVnhL5lhaVTQ.oTew18zbzAW',NULL,NULL,1,'2025-04-06 20:44:58','2025-04-06 12:44:58','2025-04-06 12:44:58'),('20231004002','$2a$10$7O2MNNp8oQXbO7sC1tMG3egDg1WVNeVnhL5lhaVTQ.oTew18zbzAW',NULL,NULL,1,'2025-04-06 20:44:58','2025-04-06 12:44:58','2025-04-06 12:44:58'),('20231004003','$2a$10$7O2MNNp8oQXbO7sC1tMG3egDg1WVNeVnhL5lhaVTQ.oTew18zbzAW',NULL,NULL,1,'2025-04-06 20:44:58','2025-04-06 12:44:58','2025-04-06 12:44:58'),('20231005001','$2a$10$7O2MNNp8oQXbO7sC1tMG3egDg1WVNeVnhL5lhaVTQ.oTew18zbzAW',NULL,NULL,1,'2025-04-06 20:44:58','2025-04-06 12:44:58','2025-04-06 12:44:58'),('20231005002','$2a$10$7O2MNNp8oQXbO7sC1tMG3egDg1WVNeVnhL5lhaVTQ.oTew18zbzAW',NULL,NULL,1,'2025-04-06 20:44:58','2025-04-06 12:44:58','2025-04-06 12:44:58'),('20231005003','$2a$10$7O2MNNp8oQXbO7sC1tMG3egDg1WVNeVnhL5lhaVTQ.oTew18zbzAW',NULL,NULL,1,'2025-04-06 20:44:58','2025-04-06 12:44:58','2025-04-06 12:44:58'),('20231006001','$2a$10$7O2MNNp8oQXbO7sC1tMG3egDg1WVNeVnhL5lhaVTQ.oTew18zbzAW',NULL,NULL,1,'2025-04-06 20:44:58','2025-04-06 12:44:58','2025-04-06 12:44:58'),('20231006002','$2a$10$7O2MNNp8oQXbO7sC1tMG3egDg1WVNeVnhL5lhaVTQ.oTew18zbzAW',NULL,NULL,1,'2025-04-06 20:44:58','2025-04-06 12:44:58','2025-04-06 12:44:58'),('20231006003','$2a$10$7O2MNNp8oQXbO7sC1tMG3egDg1WVNeVnhL5lhaVTQ.oTew18zbzAW',NULL,NULL,1,'2025-04-06 20:44:58','2025-04-06 12:44:58','2025-04-06 12:44:58'),('20231006112','$2a$10$7O2MNNp8oQXbO7sC1tMG3egDg1WVNeVnhL5lhaVTQ.oTew18zbzAW',NULL,'2025-04-08 17:15:37',1,'2025-04-08 16:39:30','2025-04-08 08:39:30','2025-04-08 09:15:37'),('20231007001','$2a$10$7O2MNNp8oQXbO7sC1tMG3egDg1WVNeVnhL5lhaVTQ.oTew18zbzAW',NULL,NULL,1,'2025-04-06 20:44:58','2025-04-06 12:44:58','2025-04-06 12:44:58'),('20231007002','$2a$10$7O2MNNp8oQXbO7sC1tMG3egDg1WVNeVnhL5lhaVTQ.oTew18zbzAW',NULL,NULL,1,'2025-04-06 20:44:58','2025-04-06 12:44:58','2025-04-06 12:44:58'),('20231007003','$2a$10$7O2MNNp8oQXbO7sC1tMG3egDg1WVNeVnhL5lhaVTQ.oTew18zbzAW',NULL,NULL,1,'2025-04-06 20:44:58','2025-04-06 12:44:58','2025-04-06 12:44:58'),('20231008001','$2a$10$7O2MNNp8oQXbO7sC1tMG3egDg1WVNeVnhL5lhaVTQ.oTew18zbzAW',NULL,NULL,1,'2025-04-06 20:44:58','2025-04-06 12:44:58','2025-04-06 12:44:58'),('20231008002','$2a$10$7O2MNNp8oQXbO7sC1tMG3egDg1WVNeVnhL5lhaVTQ.oTew18zbzAW',NULL,NULL,1,'2025-04-06 20:44:58','2025-04-06 12:44:58','2025-04-06 12:44:58'),('20231008003','$2a$10$7O2MNNp8oQXbO7sC1tMG3egDg1WVNeVnhL5lhaVTQ.oTew18zbzAW',NULL,NULL,1,'2025-04-06 20:44:58','2025-04-06 12:44:58','2025-04-06 12:44:58'),('20231009001','$2a$10$7O2MNNp8oQXbO7sC1tMG3egDg1WVNeVnhL5lhaVTQ.oTew18zbzAW',NULL,NULL,1,'2025-04-06 20:44:58','2025-04-06 12:44:58','2025-04-06 12:44:58'),('20231009002','$2a$10$7O2MNNp8oQXbO7sC1tMG3egDg1WVNeVnhL5lhaVTQ.oTew18zbzAW',NULL,NULL,1,'2025-04-06 20:44:58','2025-04-06 12:44:58','2025-04-06 12:44:58'),('20231009003','$2a$10$7O2MNNp8oQXbO7sC1tMG3egDg1WVNeVnhL5lhaVTQ.oTew18zbzAW',NULL,NULL,1,'2025-04-06 20:44:58','2025-04-06 12:44:58','2025-04-06 12:44:58'),('20231010001','$2a$10$7O2MNNp8oQXbO7sC1tMG3egDg1WVNeVnhL5lhaVTQ.oTew18zbzAW',NULL,NULL,1,'2025-04-06 20:44:58','2025-04-06 12:44:58','2025-04-06 12:44:58'),('20231010002','$2a$10$7O2MNNp8oQXbO7sC1tMG3egDg1WVNeVnhL5lhaVTQ.oTew18zbzAW',NULL,NULL,1,'2025-04-06 20:44:58','2025-04-06 12:44:58','2025-04-06 12:44:58'),('20231010003','$2a$10$7O2MNNp8oQXbO7sC1tMG3egDg1WVNeVnhL5lhaVTQ.oTew18zbzAW',NULL,NULL,1,'2025-04-06 20:44:58','2025-04-06 12:44:58','2025-04-06 12:44:58'),('20231010004','$2a$10$7O2MNNp8oQXbO7sC1tMG3egDg1WVNeVnhL5lhaVTQ.oTew18zbzAW',NULL,NULL,1,'2025-04-08 11:22:52','2025-04-08 03:22:52','2025-04-08 03:22:52'),('20231010005','$2a$10$7O2MNNp8oQXbO7sC1tMG3egDg1WVNeVnhL5lhaVTQ.oTew18zbzAW',NULL,NULL,0,'2025-04-08 11:25:11','2025-04-08 03:25:11','2025-04-08 04:37:14'),('20231010006','$2a$10$7O2MNNp8oQXbO7sC1tMG3egDg1WVNeVnhL5lhaVTQ.oTew18zbzAW',NULL,NULL,1,'2025-04-08 19:49:34','2025-04-08 11:49:34','2025-04-08 11:49:34'),('20231010007','$2a$10$7O2MNNp8oQXbO7sC1tMG3egDg1WVNeVnhL5lhaVTQ.oTew18zbzAW',NULL,NULL,1,'2025-04-08 19:53:07','2025-04-08 11:53:07','2025-04-08 11:53:07'),('20231010008','$2a$10$7O2MNNp8oQXbO7sC1tMG3egDg1WVNeVnhL5lhaVTQ.oTew18zbzAW',NULL,NULL,1,'2025-04-08 19:56:04','2025-04-08 11:56:04','2025-04-08 11:56:04'),('20231010009','$2a$10$7O2MNNp8oQXbO7sC1tMG3egDg1WVNeVnhL5lhaVTQ.oTew18zbzAW',NULL,NULL,1,'2025-04-08 20:06:16','2025-04-08 12:06:16','2025-04-08 12:06:16'),('20231010010','$2a$10$ei0zg6jnoW74IukQ4fXrYOHkXPZlHFKP2adoMomFD9WR6DT.x53Dy',NULL,NULL,1,'2025-04-08 20:09:37','2025-04-08 12:09:11','2025-04-08 12:09:37'),('20231010011','$2a$10$7O2MNNp8oQXbO7sC1tMG3egDg1WVNeVnhL5lhaVTQ.oTew18zbzAW',NULL,NULL,1,'2025-04-08 20:13:16','2025-04-08 12:13:16','2025-04-08 12:13:16'),('20231010012','$2a$10$7O2MNNp8oQXbO7sC1tMG3egDg1WVNeVnhL5lhaVTQ.oTew18zbzAW',NULL,NULL,1,'2025-04-08 20:15:09','2025-04-08 12:15:09','2025-04-08 12:15:09'),('20231010013','$2a$10$xekRpYV4.L5FL6bc/zzmzOlTtgndXCRhZ/f4.90CcWV9JD1Iw1Omm','','2025-04-08 20:25:16',1,'2025-04-08 20:24:30','2025-04-08 12:24:30','2025-04-08 12:25:16');
/*!40000 ALTER TABLE `teacher_accounts` ENABLE KEYS */;
UNLOCK TABLES;

--
-- Table structure for table `teachers`
--

DROP TABLE IF EXISTS `teachers`;
/*!40101 SET @saved_cs_client     = @@character_set_client */;
/*!50503 SET character_set_client = utf8mb4 */;
CREATE TABLE `teachers` (
  `id` char(11) NOT NULL COMMENT '教师工号(格式：入职年份4位+部门号4位+序列号3位)',
  `name` varchar(50) NOT NULL COMMENT '姓名',
  `english_name` varchar(50) DEFAULT NULL COMMENT '英文名字',
  `gender` enum('男','女') NOT NULL COMMENT '性别',
  `ethnicity` varchar(20) DEFAULT NULL COMMENT '民族',
  `title` varchar(20) DEFAULT NULL COMMENT '职称',
  `department_id` varchar(20) NOT NULL COMMENT '所属部门',
  `is_external` tinyint(1) DEFAULT '0' COMMENT '是否外聘',
  `teacher_type` varchar(20) DEFAULT NULL COMMENT '教职工类别',
  `satisfaction` tinyint(1) DEFAULT '1' COMMENT '教室位置满意度',
  `created_at` timestamp NOT NULL DEFAULT CURRENT_TIMESTAMP,
  `updated_at` timestamp NOT NULL DEFAULT CURRENT_TIMESTAMP ON UPDATE CURRENT_TIMESTAMP,
  `phone` varchar(20) DEFAULT NULL COMMENT '联系电话',
  `email` varchar(100) DEFAULT NULL COMMENT '电子邮箱',
  `max_weekly_hours` int DEFAULT '16' COMMENT '最大周课时',
  `research_direction` varchar(200) DEFAULT NULL COMMENT '研究方向',
  `is_active` tinyint(1) DEFAULT '1' COMMENT '是否激活（0-禁用，1-启用）',
  `last_login` datetime(6) DEFAULT NULL,
  `password_hash` varchar(60) DEFAULT NULL,
  `password_updated_at` datetime(6) DEFAULT NULL,
  PRIMARY KEY (`id`),
  KEY `idx_department` (`department_id`),
  KEY `idx_dept_title` (`department_id`,`title`),
  CONSTRAINT `teachers_ibfk_1` FOREIGN KEY (`department_id`) REFERENCES `departments` (`id`)
) ENGINE=InnoDB DEFAULT CHARSET=utf8mb4 COLLATE=utf8mb4_0900_ai_ci COMMENT='教师表';
/*!40101 SET character_set_client = @saved_cs_client */;

--
-- Dumping data for table `teachers`
--

LOCK TABLES `teachers` WRITE;
/*!40000 ALTER TABLE `teachers` DISABLE KEYS */;
INSERT INTO `teachers` VALUES ('20231001001','张三','Zhang San','男','汉族','教师','1001',0,'外聘教师',1,'2025-04-06 12:44:58','2025-04-10 06:25:11','','',16,'',1,NULL,'$2a$10$9FhotmJvsYUwCI/nLY5y8ONj9/aAWky8DOLZyCauV1to.kdu4IYiu','2025-04-10 13:00:56.829968'),('20231001002','李四','Li Si','女','汉族','副教授','1001',0,'专任教师',1,'2025-04-06 12:44:58','2025-04-08 12:30:27',NULL,NULL,16,NULL,1,NULL,'$2a$10$Resdh70rW.dquGe6h5ht7uZ9NbInW9rCjJWReSWKY8UOk8LFLyVqW','2025-04-08 20:30:27.257072'),('20231001003','王五','Wang Wu','男','汉族','讲师','1001',0,'专任教师',1,'2025-04-06 12:44:58','2025-04-08 04:42:43',NULL,NULL,16,NULL,1,NULL,NULL,NULL),('20231001004','但是','','男','','','1001',0,'校本部教职工',1,'2025-04-08 08:29:52','2025-04-09 16:41:46','','',16,'',0,NULL,'$2a$10$1EXPs5nRHNu4JETYf313nuS6RiLoKf8FZwOLmmhTCEDL8yHYFAxf2','2025-04-08 16:29:52.368512'),('20231002001','赵六','Zhao Liu','男','汉族','教授','1002',0,'专任教师',1,'2025-04-06 12:44:58','2025-04-08 04:42:43',NULL,NULL,16,NULL,1,NULL,NULL,NULL),('20231002002','钱七','Qian Qi','女','满族','副教授','1002',0,'专任教师',1,'2025-04-06 12:44:58','2025-04-08 04:42:43',NULL,NULL,16,NULL,1,NULL,NULL,NULL),('20231002003','孙八','Sun Ba','男','汉族','讲师','1002',1,'外聘教师',1,'2025-04-06 12:44:58','2025-04-09 16:41:52',NULL,NULL,16,NULL,0,NULL,NULL,NULL),('20231002022','士大夫分','','男','','','1001',0,'校本部教职工',1,'2025-04-08 11:46:44','2025-04-08 11:46:44','','',16,'',1,NULL,'$2a$10$iqkOFlGQcgbhVLEIpsIjXeImEXujk3dLOkX9rVh/M0r/qGFAjfmaO','2025-04-08 19:46:43.979066'),('20231002456','yaunsheng','','男','','','1001',0,'校本部教职工',1,'2025-04-08 11:11:07','2025-04-08 11:11:07','','',16,'',1,NULL,'$2a$10$5uuxe1dHqoosR2Z9oh0.2ukJv/xh.JWJFl.QyvnYzxgGWHwW02/hG','2025-04-08 19:11:07.444500'),('20231003001','周九','Zhou Jiu','男','汉族','教授','1003',0,'专任教师',1,'2025-04-06 12:44:58','2025-04-08 04:42:43',NULL,NULL,16,NULL,1,NULL,NULL,NULL),('20231003002','吴十','Wu Shi','女','壮族','副教授','1003',0,'专任教师',1,'2025-04-06 12:44:58','2025-04-08 04:42:43',NULL,NULL,16,NULL,1,NULL,NULL,NULL),('20231003003','郑十一','Zheng Shiyi','男','汉族','讲师','1003',0,'专任教师',1,'2025-04-06 12:44:58','2025-04-08 04:42:43',NULL,NULL,16,NULL,1,NULL,NULL,NULL),('20231004001','王明','Wang Ming','男','汉族','教授','1004',0,'专任教师',1,'2025-04-06 12:44:58','2025-04-08 04:42:43',NULL,NULL,16,NULL,1,NULL,NULL,NULL),('20231004002','李芳','Li Fang','女','回族','副教授','1004',0,'专任教师',1,'2025-04-06 12:44:58','2025-04-08 04:42:43',NULL,NULL,16,NULL,1,NULL,NULL,NULL),('20231004003','张华','Zhang Hua','男','汉族','讲师','1004',1,'外聘教师',1,'2025-04-06 12:44:58','2025-04-08 04:42:43',NULL,NULL,16,NULL,1,NULL,NULL,NULL),('20231005001','Sarah Smith','Sarah Smith','女','汉族','教授','1005',1,'外籍教师',1,'2025-04-06 12:44:58','2025-04-08 04:42:43',NULL,NULL,16,NULL,1,NULL,NULL,NULL),('20231005002','刘英','Liu Ying','女','汉族','副教授','1005',0,'专任教师',1,'2025-04-06 12:44:58','2025-04-08 04:42:43',NULL,NULL,16,NULL,1,NULL,NULL,NULL),('20231005003','John Davis','John Davis','男','汉族','讲师','1005',1,'外籍教师',1,'2025-04-06 12:44:58','2025-04-08 04:42:43',NULL,NULL,16,NULL,1,NULL,NULL,NULL),('20231006001','陈数','Chen Shu','男','汉族','教授','1006',0,'专任教师',1,'2025-04-06 12:44:58','2025-04-08 04:42:43',NULL,NULL,16,NULL,1,NULL,NULL,NULL),('20231006002','林统','Lin Tong','女','汉族','副教授','1006',0,'专任教师',1,'2025-04-06 12:44:58','2025-04-08 04:42:43',NULL,NULL,16,NULL,1,NULL,NULL,NULL),('20231006003','杨算','Yang Suan','男','汉族','讲师','1006',0,'专任教师',1,'2025-04-06 12:44:58','2025-04-08 04:42:43',NULL,NULL,16,NULL,1,NULL,NULL,NULL),('20231006112','删掉','','男','','','1001',0,'校本部教职工',1,'2025-04-08 08:39:31','2025-04-08 08:39:31','','',16,'',1,NULL,'$2a$10$LW/gu8kEizBXH.q4XIHACePC7uyv9fBb9bX0Td/y8O4nYqgKG30xa','2025-04-08 16:39:30.816730'),('20231007001','黄光','Huang Guang','男','汉族','教授','1007',0,'专任教师',1,'2025-04-06 12:44:58','2025-04-08 04:42:43',NULL,NULL,16,NULL,1,NULL,NULL,NULL),('20231007002','马电','Ma Dian','女','回族','副教授','1007',0,'专任教师',1,'2025-04-06 12:44:58','2025-04-08 04:42:43',NULL,NULL,16,NULL,1,NULL,NULL,NULL),('20231007003','朱磁','Zhu Ci','男','汉族','讲师','1007',0,'专任教师',1,'2025-04-06 12:44:58','2025-04-08 04:42:43',NULL,NULL,16,NULL,1,NULL,NULL,NULL),('20231008001','沈化','Shen Hua','男','汉族','教授','1008',0,'专任教师',1,'2025-04-06 12:44:58','2025-04-08 04:42:43',NULL,NULL,16,NULL,1,NULL,NULL,NULL),('20231008002','白环','Bai Huan','女','汉族','副教授','1008',0,'专任教师',1,'2025-04-06 12:44:58','2025-04-08 04:42:43',NULL,NULL,16,NULL,1,NULL,NULL,NULL),('20231008003','金属','Jin Shu','男','汉族','讲师','1008',1,'外聘教师',1,'2025-04-06 12:44:58','2025-04-08 04:42:43',NULL,NULL,16,NULL,1,NULL,NULL,NULL),('20231009001','董艺','Dong Yi','女','汉族','教授','1009',0,'专任教师',1,'2025-04-06 12:44:58','2025-04-08 04:42:43',NULL,NULL,16,NULL,1,NULL,NULL,NULL),('20231009002','谢画','Xie Hua','男','汉族','副教授','1009',0,'专任教师',1,'2025-04-06 12:44:58','2025-04-08 04:42:43',NULL,NULL,16,NULL,1,NULL,NULL,NULL),('20231009003','范雕','Fan Diao','女','苗族','讲师','1009',1,'外聘教师',1,'2025-04-06 12:44:58','2025-04-08 04:42:43',NULL,NULL,16,NULL,1,NULL,NULL,NULL),('20231010001','田径','Tian Jing','男','汉族','教授','1010',0,'专任教师',1,'2025-04-06 12:44:58','2025-04-08 04:42:43',NULL,NULL,16,NULL,1,NULL,NULL,NULL),('20231010002','孙球','Sun Qiu','女','汉族','副教授','1010',0,'专任教师',1,'2025-04-06 12:44:58','2025-04-08 04:42:43',NULL,NULL,16,NULL,1,NULL,NULL,NULL),('20231010003','武术','Wu Shu','男','汉族','讲师','1010',0,'专任教师',1,'2025-04-06 12:44:58','2025-04-08 04:42:43',NULL,NULL,16,NULL,1,NULL,NULL,NULL),('20231010004','20230001','','男','','','1002',0,'外聘',1,'2025-04-08 03:22:52','2025-04-08 03:22:52','','',16,'',1,NULL,'$2a$10$ULFQPoQQhcOk3TR.8fOmM.9/9QNvxCAhr5I3EarMIpkH4F0apCoeq','2025-04-08 11:22:52.043779'),('20231010005','的事实','','男','','','1002',0,'外聘',1,'2025-04-08 03:25:11','2025-04-08 13:34:55','','',16,'',1,NULL,'$2a$10$OXyDoLHxqjtvYs1/MGUelO5irzP9e4AvnFoxOCl2KJOuHnCoscOfe','2025-04-08 11:25:11.430560'),('20231010006','三点','','男','','','1001',0,'校本部教职工',1,'2025-04-08 11:49:34','2025-04-08 11:49:34','','',16,'',1,NULL,'$2a$10$Quo3BbAp4UQC3Ucvlsubv.7uzVgPmQm2gtfz7ea81kNdAb8p.1t/G','2025-04-08 19:49:34.230745'),('20231010007','丰富的','','男','','','1001',0,'校本部教职工',1,'2025-04-08 11:53:08','2025-04-08 11:53:08','','',16,'',1,NULL,'$2a$10$8Af.mIaeMqNn3d509EvKL.G2Zpu21L9rxGd6g1HwS6cNPHYAQqXpm','2025-04-08 19:53:07.823242'),('20231010008','师端','','男','','','1001',0,'校本部教职工',1,'2025-04-08 11:56:04','2025-04-08 11:56:04','','',16,'',1,NULL,'$2a$10$4UJfdoq2o826Jm36MFDF7uuuTg9zi3RuNSFddKV1.HQPRqUTyH6U.','2025-04-08 19:56:04.168912'),('20231010009','活动','','男','','','1001',0,'校本部教职工',1,'2025-04-08 12:06:16','2025-04-08 12:06:16','','',16,'',1,NULL,'$2a$10$Y.L1dUF/7Hj6TG79Sn2og.OYYnUtU5ViE.p.YcGf7HizDO6v4UuNa','2025-04-08 20:06:16.128032'),('20231010010','蛇和','','男','','','1001',0,'校本部教职工',1,'2025-04-08 12:09:12','2025-04-08 12:09:37','','',16,'',1,NULL,'$2a$10$ei0zg6jnoW74IukQ4fXrYOHkXPZlHFKP2adoMomFD9WR6DT.x53Dy','2025-04-08 20:09:37.454060'),('20231010011','德萨','','男','','','1001',0,'校本部教职工',1,'2025-04-08 12:13:17','2025-04-08 12:13:17','','',16,'',1,NULL,'$2a$10$9/SKEgXiv7y.u.65S74zTuaNLV3lzGT5kPx5IzpXEj7Lgt8N3L.vq','2025-04-08 20:13:16.775754'),('20231010012','官方','','男','','','1001',0,'校本部教职工',1,'2025-04-08 12:15:10','2025-04-08 12:15:10','','',16,'',1,NULL,'$2a$10$0K7haYs1sJX2zu.VCvCI4OZ6yWYdKplrXhLBnAGkiIyiQv1z3XDlm','2025-04-08 20:15:09.912375'),('20231010013','会更','','男','','','1001',0,'校本部教职工',1,'2025-04-08 12:24:30','2025-04-08 12:24:30','','',16,'',1,NULL,'$2a$10$xekRpYV4.L5FL6bc/zzmzOlTtgndXCRhZ/f4.90CcWV9JD1Iw1Omm','2025-04-08 20:24:30.477073');
/*!40000 ALTER TABLE `teachers` ENABLE KEYS */;
UNLOCK TABLES;
/*!50003 SET @saved_cs_client      = @@character_set_client */ ;
/*!50003 SET @saved_cs_results     = @@character_set_results */ ;
/*!50003 SET @saved_col_connection = @@collation_connection */ ;
/*!50003 SET character_set_client  = utf8mb4 */ ;
/*!50003 SET character_set_results = utf8mb4 */ ;
/*!50003 SET collation_connection  = utf8mb4_0900_ai_ci */ ;
/*!50003 SET @saved_sql_mode       = @@sql_mode */ ;
/*!50003 SET sql_mode              = 'STRICT_TRANS_TABLES,NO_ZERO_IN_DATE,NO_ZERO_DATE,ERROR_FOR_DIVISION_BY_ZERO,NO_ENGINE_SUBSTITUTION' */ ;
DELIMITER ;;
/*!50003 CREATE*/ /*!50017 DEFINER=`root`@`localhost`*/ /*!50003 TRIGGER `before_teacher_insert` BEFORE INSERT ON `teachers` FOR EACH ROW BEGIN
    -- 检查工号格式是否正确（11位数字）
    IF NEW.id NOT REGEXP '^[0-9]{11}$' THEN
        SIGNAL SQLSTATE '45000'
        SET MESSAGE_TEXT = '教师工号必须是11位数字';
    END IF;

    -- 检查年份部分（前4位）是否是有效的年份（假设从2000年开始）
    IF CAST(SUBSTRING(NEW.id, 1, 4) AS UNSIGNED) < 2000 OR
       CAST(SUBSTRING(NEW.id, 1, 4) AS UNSIGNED) > YEAR(CURDATE()) THEN
        SIGNAL SQLSTATE '45000'
        SET MESSAGE_TEXT = '教师工号的年份部分无效（必须在2000年到当前年份之间）';
    END IF;

    -- 检查部门号（中间4位）是否存在
    IF NOT EXISTS (SELECT 1 FROM departments WHERE id = SUBSTRING(NEW.id, 5, 4)) THEN
        SIGNAL SQLSTATE '45000'
        SET MESSAGE_TEXT = '教师工号中的部门号不存在';
    END IF;

    -- 检查序列号（最后3位）在同一部门同一年份中是否唯一
    IF EXISTS (
        SELECT 1
        FROM teachers
        WHERE SUBSTRING(id, 1, 8) = SUBSTRING(NEW.id, 1, 8)  -- 相同年份和部门
        AND SUBSTRING(id, 9, 3) = SUBSTRING(NEW.id, 9, 3)    -- 相同序号
        AND id != NEW.id  -- 排除自身
    ) THEN
        SIGNAL SQLSTATE '45000'
        SET MESSAGE_TEXT = '该部门该年份中已存在相同的教师序号';
    END IF;
END */;;
DELIMITER ;
/*!50003 SET sql_mode              = @saved_sql_mode */ ;
/*!50003 SET character_set_client  = @saved_cs_client */ ;
/*!50003 SET character_set_results = @saved_cs_results */ ;
/*!50003 SET collation_connection  = @saved_col_connection */ ;

--
-- Table structure for table `teaching_applications`
--

DROP TABLE IF EXISTS `teaching_applications`;
/*!40101 SET @saved_cs_client     = @@character_set_client */;
/*!50503 SET character_set_client = utf8mb4 */;
CREATE TABLE `teaching_applications` (
  `id` bigint NOT NULL AUTO_INCREMENT COMMENT '主键ID',
  `teacher_id` varchar(20) NOT NULL COMMENT '教师ID',
  `course_id` varchar(20) NOT NULL COMMENT '课程ID',
  `semester_id` varchar(20) NOT NULL COMMENT '学期ID',
  `status` enum('PENDING','APPROVED','REJECTED') DEFAULT 'PENDING' COMMENT '申请状态',
  `reason` text COMMENT '申请理由',
  `admin_comment` text COMMENT '管理员意见',
  `created_at` datetime DEFAULT CURRENT_TIMESTAMP COMMENT '创建时间',
  `updated_at` datetime DEFAULT CURRENT_TIMESTAMP ON UPDATE CURRENT_TIMESTAMP COMMENT '更新时间',
  PRIMARY KEY (`id`),
  UNIQUE KEY `uk_teacher_course_semester` (`teacher_id`,`course_id`,`semester_id`)
) ENGINE=InnoDB DEFAULT CHARSET=utf8mb4 COLLATE=utf8mb4_0900_ai_ci COMMENT='教师教课申请表';
/*!40101 SET character_set_client = @saved_cs_client */;

--
-- Dumping data for table `teaching_applications`
--

LOCK TABLES `teaching_applications` WRITE;
/*!40000 ALTER TABLE `teaching_applications` DISABLE KEYS */;
/*!40000 ALTER TABLE `teaching_applications` ENABLE KEYS */;
UNLOCK TABLES;

--
-- Temporary view structure for view `v_classroom_usage`
--

DROP TABLE IF EXISTS `v_classroom_usage`;
/*!50001 DROP VIEW IF EXISTS `v_classroom_usage`*/;
SET @saved_cs_client     = @@character_set_client;
/*!50503 SET character_set_client = utf8mb4 */;
/*!50001 CREATE VIEW `v_classroom_usage` AS SELECT 
 1 AS `classroom_id`,
 1 AS `classroom_name`,
 1 AS `building_id`,
 1 AS `schedule_count`,
 1 AS `total_sections`*/;
SET character_set_client = @saved_cs_client;

--
-- Final view structure for view `v_classroom_usage`
--

/*!50001 DROP VIEW IF EXISTS `v_classroom_usage`*/;
/*!50001 SET @saved_cs_client          = @@character_set_client */;
/*!50001 SET @saved_cs_results         = @@character_set_results */;
/*!50001 SET @saved_col_connection     = @@collation_connection */;
/*!50001 SET character_set_client      = utf8mb4 */;
/*!50001 SET character_set_results     = utf8mb4 */;
/*!50001 SET collation_connection      = utf8mb4_0900_ai_ci */;
/*!50001 CREATE ALGORITHM=UNDEFINED */
/*!50013 DEFINER=`root`@`localhost` SQL SECURITY DEFINER */
/*!50001 VIEW `v_classroom_usage` AS select `cr`.`id` AS `classroom_id`,`cr`.`name` AS `classroom_name`,`cr`.`building_id` AS `building_id`,count(`cs`.`id`) AS `schedule_count`,sum(((`cs`.`end_section` - `cs`.`start_section`) + 1)) AS `total_sections` from (`classrooms` `cr` left join `course_schedules` `cs` on((`cr`.`id` = `cs`.`classroom_id`))) group by `cr`.`id`,`cr`.`name`,`cr`.`building_id` */;
/*!50001 SET character_set_client      = @saved_cs_client */;
/*!50001 SET character_set_results     = @saved_cs_results */;
/*!50001 SET collation_connection      = @saved_col_connection */;
/*!40103 SET TIME_ZONE=@OLD_TIME_ZONE */;

/*!40101 SET SQL_MODE=@OLD_SQL_MODE */;
/*!40014 SET FOREIGN_KEY_CHECKS=@OLD_FOREIGN_KEY_CHECKS */;
/*!40014 SET UNIQUE_CHECKS=@OLD_UNIQUE_CHECKS */;
/*!40101 SET CHARACTER_SET_CLIENT=@OLD_CHARACTER_SET_CLIENT */;
/*!40101 SET CHARACTER_SET_RESULTS=@OLD_CHARACTER_SET_RESULTS */;
/*!40101 SET COLLATION_CONNECTION=@OLD_COLLATION_CONNECTION */;
/*!40111 SET SQL_NOTES=@OLD_SQL_NOTES */;

-- Dump completed on 2025-05-14  9:21:31
